Date,Complete_band_set,Source_valid_pct,Core_valid_pct,Night_pct,Cloud_mask_medium_high_pct,Confident_clear_pct,Probably_clear_pct,Probably_cloudy_pct,Confident_cloudy_pct,Cloudy_pct,Shadow_pct,Cirrus_pct,Snow_ice_pct,QF_DNB_good_pct,Strict_observable_pct,Inclusive_observable_pct,Strict_observable_pixels,Land_water_change_pct,Radiance_all_median,Radiance_strict_p25,Radiance_strict_median,Radiance_strict_p75,Radiance_strict_p95,Sensor_zenith_abs_p25,Sensor_zenith_abs_median,Sensor_zenith_abs_p75,Sensor_zenith_abs_p90,Sensor_azimuth_circular_mean,Sensor_azimuth_resultant,UTC_time_p25,UTC_time_median,UTC_time_p75,Moon_illumination_pct,Granule_mode,Granule_unique_count,QF_Substitute_calibration_pct,QF_Out_of_range_pct,QF_Saturation_pct,QF_Temperature_not_nominal_pct,QF_Stray_light_pct,QF_Bowtie_deleted_pct,QF_Missing_EV_pct,QF_Calibration_failure_pct,QF_Dead_detector_pct,Days_from_event
2013-05-12,True,100.0,100.0,100.0,100.0,0.4579765055123185,1.0282500219711543,0.37985684572343686,98.1339166267931,98.51377347251653,0.0,82.01685431659945,0.0,100.0,0.4579765055123185,1.4139658421787573,469,0.0,0.030000001192092896,0.020000000298023225,0.030000001192092896,0.030000001192092896,0.04000000059604645,0.04239999771118164,0.06840000152587891,0.08649999618530274,0.10119999885559082,359.2325270646951,0.9999901600256459,17.24887466430664,17.251501083374023,17.253664016723633,0.06590000152587891,1,2,0.0,0.0,0.0,0.0,0.0,0.0,0.0,0.0,0.0,-180
2013-05-13,True,100.0,100.0,100.0,100.0,0.0,0.0,0.0,100.0,100.0,0.0,99.9902350425264,0.0,100.0,0.0,0.0,0,3.8425107658656144,0.05,,,,,0.28829999923706057,0.30290000915527343,0.32279998779296876,0.33849998474121096,0.9810803568797724,0.9999999969307248,16.935041427612305,16.937698364257812,16.939828872680664,0.1234000015258789,1,2,0.0,0.0,0.0,0.0,0.0,0.0,0.0,0.0,0.0,-179
2013-05-14,True,100.0,100.0,100.0,100.0,10.596931850361791,5.462517210737547,1.593641059693185,82.34690987920747,83.94055093890066,0.0,87.55749118712588,0.0,100.0,10.596931850361791,11.392775884461024,10852,3.9430898278438002,0.04000000059604645,0.030000001192092896,0.04000000059604645,0.04000000059604645,0.06000000238418579,0.535099983215332,0.543499984741211,0.5545000076293946,0.5634000015258789,0.972679983822502,0.9999999991898905,16.620838165283203,16.62355613708496,16.625701904296875,0.1903000068664551,1,2,0.0,0.0,0.0,0.0,0.0,0.0,0.0,0.0,0.0,-178
2013-05-15,True,100.0,100.0,100.0,100.0,92.69288232249748,2.4207329577079695,0.7841260851308993,4.102258634663646,4.886384719794545,0.0,5.942953118439169,0.0,100.0,92.69288232249748,93.51606823752282,94924,4.4547735994609745,0.05,0.04000000059604645,0.05,0.06999999880790711,0.1,0.6329000091552734,0.6416000366210938,0.6476999664306641,0.6526000213623047,359.2298073821932,0.9999962364806496,17.979948043823242,17.982574462890625,17.984798431396484,0.26809999465942386,2,2,0.0,0.0,0.0,0.0,0.0,0.0,0.0,0.0,0.0,-177
2013-05-16,True,100.0,100.0,100.0,100.0,91.66463230052632,1.3690470378001502,0.30271368168191626,6.663606979991601,6.966320661673518,0.0,2.066265001415919,0.0,100.0,91.66463230052632,92.87353403575928,93871,4.157918892263225,0.04000000059604645,0.030000001192092896,0.04000000059604645,0.05,0.06999999880790711,0.46369998931884765,0.47830001831054686,0.4886000061035156,0.49639999389648437,359.20493390500343,0.9999999989590659,17.667102813720703,17.669729232788086,17.671892166137695,0.354900016784668,1,2,0.0,0.0,0.0,0.0,0.0,0.0,0.0,0.0,0.0,-176
2013-05-17,True,100.0,100.0,100.0,100.0,88.24689718476276,4.949856943373011,0.8934936088353336,5.909752263028895,6.8032458718642275,0.0,0.17479273877762264,0.0,100.0,88.24689718476276,93.18991865790424,90371,3.5134316990049506,0.04000000059604645,0.04000000059604645,0.04000000059604645,0.04000000059604645,0.06000000238418579,0.16930000305175782,0.19350000381469726,0.21040000915527343,0.22360000610351563,359.1958238258517,0.9999999909320805,17.3537654876709,17.35639190673828,17.358552932739258,0.4484000015258789,0,1,0.0,0.0,0.0,0.0,0.0,0.0,0.0,0.0,0.0,-175
2013-05-18,True,100.0,100.0,100.0,100.0,81.44755729588798,4.635425312722763,0.6962414678684075,13.220775923520852,13.91701739138926,0.0,8.108820686085911,0.0,100.0,81.44755729588798,86.08298260861073,83408,3.6140107609831356,0.05,0.05,0.05,0.06000000238418579,0.06999999880790711,0.173700008392334,0.1906999969482422,0.2140999984741211,0.2325,0.9835257445460002,0.9999999912890476,17.04002571105957,17.042682647705078,17.044815063476562,0.5463000106811523,1,2,0.0,0.0,0.0,0.0,0.0,0.0,0.0,0.0,0.0,-174
2013-05-19,True,100.0,100.0,100.0,100.0,80.30798675871766,6.133369789174568,1.2772564375482145,12.28138701455955,13.558643452107766,0.0,7.565889050553184,0.0,100.0,80.30798675871766,84.92095266925112,82241,4.1823312859472495,0.06000000238418579,0.05,0.06000000238418579,0.06999999880790711,0.08999999761581422,0.4684000015258789,0.47849998474121097,0.49189998626708986,0.5025999832153321,0.975457773477558,0.9999999989398923,16.725915908813477,16.72860336303711,16.73076629638672,0.6525,1,2,0.0,0.0,0.0,0.0,0.0,0.0,0.0,0.0,0.0,-173
2013-05-20,True,100.0,100.0,100.0,99.99609401701055,82.5392795414376,7.822707432109133,1.4374017401154218,8.200611286337848,9.638013026453269,0.0,15.108342203169705,0.0,100.0,82.53537355844816,84.66022830470573,84522,4.426455222787505,0.1600000023841858,0.12999999523162842,0.1600000023841858,0.1899999976158142,0.32999999523162843,0.6377999877929688,0.6436000061035156,0.6512999725341797,0.657300033569336,0.9021268187338478,0.9999833115207728,16.411745071411133,16.41454315185547,16.416841506958008,0.7493000030517578,1,3,0.0,0.0,0.0,0.0,0.0,0.0,0.0,0.0,0.0,-172
2013-05-21,True,100.0,100.0,100.0,100.0,92.41653402599431,2.0047457693321746,0.4042692394074624,5.174450965266046,5.578720204673509,0.0,4.911773609225932,0.0,100.0,92.41653402599431,94.24258107355942,94641,3.930395383128107,0.1100000023841858,0.08999999761581422,0.1100000023841858,0.12000000476837158,0.1600000023841858,0.5302999877929687,0.542400016784668,0.5511000061035156,0.5577000045776367,359.2083711719734,0.9999999992319976,17.771692276000977,17.77431869506836,17.77652359008789,0.8373999786376953,1,2,0.0,0.0,0.0,0.0,0.0,0.0,0.0,0.0,0.0,-171
2013-05-22,True,100.0,100.0,100.0,100.0,66.94171296884002,4.561211635923326,0.8729871981407521,27.624088197095904,28.497075395236653,0.0,17.22831447069048,0.0,100.0,66.94171296884002,70.73930493032702,68553,3.8180983721815895,0.1899999976158142,0.1700000047683716,0.1899999976158142,0.20999999046325685,0.27999999523162844,0.2834000015258789,0.30459999084472655,0.31940000534057617,0.3308000183105469,359.19853794274235,0.9999999968110388,17.458478927612305,17.461105346679688,17.463266372680664,0.9119000244140625,0,2,0.0,0.0,0.0,0.0,0.0,0.0,0.0,0.0,0.0,-170
2013-05-23,True,100.0,100.0,100.0,100.0,63.70755905358032,4.6217543722597085,0.9716132686242153,30.699073305535755,31.670686574159966,0.0,15.134707588348453,0.0,100.0,63.70755905358032,68.32931342584003,65241,3.3132500707959416,0.27999999523162844,0.24000000953674316,0.2700000047683716,0.29000000953674315,0.4199999809265137,0.04690000057220459,0.06539999961853027,0.0909000015258789,0.11119999885559083,0.9650206573033984,0.999994718016435,17.144832611083984,17.147489547729492,17.1496524810791,0.9666999816894531,1,2,0.0,0.0,0.0,0.0,0.0,0.0,0.0,0.0,0.0,-169
2013-05-24,True,100.0,100.0,100.0,100.0,69.20620660697023,6.852070659232279,1.362211567568623,22.579511166228873,23.941722733797494,0.0,8.55800872987198,0.0,100.0,69.20620660697023,75.94598025525599,70872,3.8718056382864448,0.4400000095367432,0.3900000095367432,0.43000001907348634,0.4699999809265137,0.6599999904632569,0.3875,0.3997000122070313,0.41619998931884766,0.4291999816894531,0.978276395303908,0.9999999984111356,16.830846786499023,16.83350372314453,16.835664749145508,0.9970999908447266,1,2,0.0,0.0,0.0,0.0,0.0,0.0,0.0,0.0,0.0,-168
2013-05-25,True,100.0,100.0,100.0,100.0,93.29733319011396,1.9705684181745386,0.4003632564180183,4.331735135293486,4.732098391711504,0.0,2.4802991982969913,0.0,100.0,93.29733319011396,95.19954690597322,95543,4.112023592137256,0.5199999809265137,0.4699999809265137,0.5199999809265137,0.5599999904632569,0.75,0.591500015258789,0.5983000183105469,0.6075,0.614900016784668,0.9698720770879845,0.9999999993017612,16.516489028930664,16.519207000732422,16.52136993408203,0.995,1,2,0.0,0.0,0.0,0.0,0.0,0.0,0.0,0.0,0.0,-167
2013-05-26,True,100.0,100.0,100.0,100.0,71.99312546993858,3.1179509213237377,1.1444530159071158,23.74447059283057,24.888923608737684,0.0,25.654496274668727,0.0,100.0,71.99312546993858,73.66781567666273,73726,4.176472311463083,0.3900000095367432,0.35000000000000003,0.3799999952316284,0.40999999046325686,0.49000000953674316,0.5856000137329102,0.5958000183105469,0.6029999923706055,0.6086000061035156,359.21189989826945,0.9999999993693212,17.876140594482422,17.878782272338867,17.8809757232666,0.9626999664306641,2,1,0.0,0.0,0.0,0.0,0.0,0.0,0.0,0.0,0.0,-166
2013-05-27,True,100.0,100.0,100.0,100.0,26.950306131416795,6.505414668919117,1.8875662796488522,64.65671292001524,66.54427919966408,0.0,39.14576152020858,0.0,100.0,26.950306131416795,30.000878846172625,27599,3.8561817063286687,0.30000000000000004,0.25,0.2700000047683716,0.29000000953674315,0.4400000095367432,0.38099998474121094,0.39869998931884765,0.41110000610351566,0.42060001373291017,359.20162541218616,0.9999999983364705,17.563034057617188,17.56566047668457,17.567852020263672,0.9025,0,2,0.0,0.0,0.0,0.0,0.0,0.0,0.0,0.0,0.0,-165
2013-05-28,True,100.0,100.0,100.0,100.0,37.48962473268429,4.984034294530647,1.0966047242864259,56.42973624849864,57.526340972785064,0.0,30.96468014881795,0.0,100.0,37.48962473268429,42.473659027214936,38392,4.346382571503901,0.20999999046325685,0.1700000047683716,0.1899999976158142,0.20999999046325685,0.3200000047683716,0.03950000047683716,0.06559999942779542,0.0840999984741211,0.09859999656677246,359.2432176499195,0.9999873845298123,17.249540328979492,17.252166748046875,17.254329681396484,0.819800033569336,1,2,0.0,0.0,0.0,0.0,0.0,0.0,0.0,0.0,0.0,-164
2013-05-29,True,100.0,100.0,100.0,100.0,0.0029294872420830608,0.05663675334693917,0.062495727831105304,99.87793803157987,99.94043375941098,0.0,91.11291220326736,0.0,100.0,0.0029294872420830608,0.007811965978888163,3,3.964572734285742,0.5300000190734864,0.1100000023841858,0.1100000023841858,0.1100000023841858,0.1100000023841858,0.2905999946594238,0.30520000457763674,0.325099983215332,0.34049999237060546,0.980995440820152,0.9999999969753091,16.93561553955078,16.93827247619629,16.9404354095459,0.7155999755859375,1,2,0.0,0.0,0.0,0.0,0.0,0.0,0.0,0.0,0.0,-163
2013-05-30,True,100.0,100.0,100.0,100.0,53.66625328346694,9.680978839337156,2.370931674592557,34.28183620260334,36.6527678771959,0.0,44.57117189254641,0.0,100.0,53.66625328346694,55.17884519612917,54958,3.89524153622311,0.1100000023841858,0.1,0.1100000023841858,0.12000000476837158,0.13999999761581422,0.5363999938964844,0.5445999908447265,0.5556000137329101,0.5645000076293946,0.9726451560600253,0.9999999992074979,16.62135124206543,16.624038696289062,16.626232147216797,0.6081999969482422,1,2,0.0,0.0,0.0,0.0,0.0,0.0,0.0,0.0,0.0,-162
2013-05-31,True,100.0,100.0,100.0,100.0,72.64933061216519,4.769205230111223,1.1337115626861445,21.447752595037446,22.581464157723595,0.0,24.601833859013546,0.0,100.0,72.64933061216519,73.84456140693507,74398,4.517269327292079,0.12000000476837158,0.08999999761581422,0.1100000023841858,0.13999999761581422,0.27999999523162844,0.6318999862670899,0.6405999755859375,0.6468000030517578,0.6516999816894531,359.2263605846165,0.9999971292147545,17.98040199279785,17.9830265045166,17.98525047302246,0.49900001525878906,2,2,0.0,0.0,0.0,0.0,0.0,0.0,0.0,0.0,0.0,-161
2013-06-01,True,100.0,100.0,100.0,100.0,67.52956340875136,3.7897799955081197,1.2235491714433584,27.457107424297167,28.68065659574053,0.0,30.72250920347242,0.0,100.0,67.52956340875136,69.01286044899274,69155,4.026091966369486,0.06000000238418579,0.05,0.05,0.06000000238418579,0.08999999761581422,0.46180000305175783,0.47669998168945316,0.4868000030517578,0.494900016784668,359.20489805198673,0.9999999989544327,17.667465209960938,17.670089721679688,17.672283172607422,0.3933000183105469,1,2,0.0,0.0,0.0,0.0,0.0,0.0,0.0,0.0,0.0,-160
2013-06-02,True,100.0,100.0,100.0,100.0,5.612897555831144,1.4803675529993068,0.37985684572343686,92.52687804544611,92.90673489116955,0.0,77.02989053482672,0.0,100.0,5.612897555831144,7.093265108830452,5748,3.591551358793833,0.04000000059604645,0.030000001192092896,0.030000001192092896,0.04000000059604645,0.04000000059604645,0.16649999618530273,0.1906999969482422,0.2077000045776367,0.2209000015258789,359.19586536014924,0.9999999904566662,17.354066848754883,17.356691360473633,17.358854293823242,0.2954000091552734,0,1,0.0,0.0,0.0,0.0,0.0,0.0,0.0,0.0,0.0,-159
2013-06-03,True,100.0,100.0,100.0,100.0,4.972316345562315,1.2460085736326618,0.3036901774292773,93.47798490337574,93.78167508080503,0.0,72.39251223060924,0.0,100.0,4.972316345562315,6.218324919194977,5092,3.5495620416573086,0.030000001192092896,0.020000000298023225,0.020000000298023225,0.030000001192092896,0.04000000059604645,0.17690000534057618,0.19350000381469726,0.2168000030517578,0.23510000228881836,0.9835063737901351,0.9999999916172401,17.040266036987305,17.042922973632812,17.045055389404297,0.20850000381469727,1,2,0.0,0.0,0.0,0.0,0.0,0.0,0.0,0.0,0.0,-158
2013-06-04,True,100.0,100.0,100.0,100.0,26.183756969738397,2.9831945081879168,0.9071645492983877,69.9258839727753,70.83304852207368,0.0,69.38002285000049,0.0,100.0,26.183756969738397,26.957141601648328,26814,4.189166756178777,0.05,0.030000001192092896,0.04000000059604645,0.05,0.06000000238418579,0.47009998321533203,0.48009998321533204,0.49340000152587893,0.5041999816894531,0.9753892809087006,0.9999999989506851,16.726097106933594,16.728784561157227,16.730947494506836,0.13010000228881835,1,2,0.0,0.0,0.0,0.0,0.0,0.0,0.0,0.0,0.0,-157
2013-06-05,True,100.0,100.0,100.0,100.0,0.5087542843750915,1.1327350669387835,0.33396154559746893,98.02454910308866,98.35851064868612,0.0,94.60193150858828,0.0,100.0,0.5087542843750915,0.6298397570478581,521,4.365912486451121,0.04000000059604645,0.04000000059604645,0.06000000238418579,0.08999999761581422,0.6300000190734864,0.6388999938964844,0.6445999908447265,0.652300033569336,0.6577999877929688,0.8840866254745947,0.9999789248290817,16.411958694458008,16.414770126342773,16.417085647583008,0.07320000171661377,1,3,0.0,0.0,0.0,0.0,0.0,0.0,0.0,0.0,0.0,-156
2013-06-06,True,100.0,100.0,100.0,100.0,0.0,0.0,0.0,100.0,100.0,0.0,91.75446990928354,0.0,100.0,0.0,0.0,0,4.006562051422266,0.05,,,,,0.5286999893188477,0.5408000183105469,0.5493999862670899,0.5559999847412109,359.20826997090643,0.9999999992192288,17.77176570892334,17.7744083404541,17.776601791381836,0.03190000057220459,1,2,0.0,0.0,0.0,0.0,0.0,0.0,0.0,0.0,0.0,-155
2013-06-07,True,100.0,100.0,100.0,100.0,0.0,0.0,0.0,100.0,100.0,0.0,99.43167947503588,0.0,100.0,0.0,0.0,0,3.7595086273399283,0.04000000059604645,,,,,0.28049999237060547,0.30170000076293946,0.31629999160766603,0.32790000915527345,359.19842907233505,0.9999999968061613,17.458477020263672,17.461101531982422,17.46326446533203,0.007599999904632568,0,2,0.0,0.0,0.0,0.0,0.0,0.0,0.0,0.0,0.0,-154
2013-06-08,True,100.0,100.0,100.0,100.0,0.2958782114503891,0.40622223090218446,0.13280342164109876,99.16509613600633,99.29789955764743,0.0,96.83810677004502,0.0,100.0,0.2958782114503891,0.5204722333434237,303,3.5124552032575895,0.030000001192092896,0.030000001192092896,0.030000001192092896,0.04000000059604645,0.04900000005960442,0.050399999618530276,0.06889999866485595,0.09439999580383301,0.11460000038146972,0.9691250789948072,0.9999959997044302,17.144798278808594,17.1474552154541,17.149585723876953,0.0009000000357627869,1,2,0.0,0.0,0.0,0.0,0.0,0.0,0.0,0.0,0.0,-153
2013-06-09,True,100.0,100.0,100.0,100.0,30.793793393029773,7.335436054175984,2.1853974825939635,59.68537307020028,61.87077055279424,0.0,67.56374075990898,0.0,100.0,30.793793393029773,32.01246008573633,31535,3.906959485191442,0.05,0.04000000059604645,0.05,0.06000000238418579,0.06999999880790711,0.39,0.4022000122070313,0.4184000015258789,0.43139999389648437,0.9781891513011374,0.9999999984049414,16.83074951171875,16.833406448364258,16.835567474365234,0.012599999904632569,1,2,0.0,0.0,0.0,0.0,0.0,0.0,0.0,0.0,0.0,-152
2013-06-10,True,100.0,100.0,100.0,100.0,0.0,0.0,0.0,100.0,100.0,0.0,82.62325817571065,0.0,100.0,0.0,0.0,0,4.241897526536272,0.04000000059604645,,,,,0.5929000091552734,0.5997000122070313,0.6088000106811523,0.6161999893188477,0.9698036558453964,0.9999999993055099,16.51633071899414,16.5190486907959,16.521211624145508,0.04079999923706055,1,2,0.0,0.0,0.0,0.0,0.0,0.0,0.0,0.0,0.0,-151
2013-06-11,True,100.0,100.0,100.0,100.0,0.16405128555665138,0.9247414727508861,0.2109230814299804,98.70028416026248,98.91120724169247,0.0,87.98617282021736,0.0,100.0,0.16405128555665138,0.24119444959817202,168,4.196978722157665,0.06000000238418579,0.04000000059604645,0.05,0.06250000149011611,0.06999999880790711,0.5838000106811524,0.5943000030517578,0.6013999938964844,0.6072000122070312,359.21180251916434,0.9999999993732908,17.875938415527344,17.878564834594727,17.880783081054688,0.08470000267028809,2,1,0.0,0.0,0.0,0.0,0.0,0.0,0.0,0.0,0.0,-150
2013-06-12,True,100.0,100.0,100.0,100.0,0.14549786635679202,0.31638462214497054,0.08397863427304773,99.45413887722519,99.53811751149824,0.0,99.48148075815129,0.0,100.0,0.14549786635679202,0.19236966223012097,149,3.8737586297811677,0.04000000059604645,0.030000001192092896,0.030000001192092896,0.030000001192092896,0.04000000059604645,0.3781999969482422,0.39610000610351564,0.4084000015258789,0.41810001373291017,359.20151094663896,0.999999998308787,17.562789916992188,17.56541633605957,17.567577362060547,0.1431999969482422,0,2,0.0,0.0,0.0,0.0,0.0,0.0,0.0,0.0,0.0,-149
2013-06-13,True,100.0,100.0,100.0,100.0,0.0058589744841661216,0.0722606853047155,0.07421367679943754,99.84766666341169,99.92188034021112,0.0,99.98144658080014,0.0,100.0,0.0058589744841661216,0.018553419199859384,6,3.498784262794535,0.030000001192092896,0.030000001192092896,0.030000001192092896,0.030000001192092896,0.030000001192092896,0.03559999942779541,0.06159999847412109,0.08010000228881836,0.09460000038146973,359.2621827419957,0.9999825546074491,17.249208450317383,17.25186538696289,17.253995895385742,0.21469999313354493,1,2,0.0,0.0,0.0,0.0,0.0,0.0,0.0,0.0,0.0,-148
2013-06-14,True,100.0,100.0,100.0,100.0,20.297440604646166,14.526350737742538,3.1472457937445686,62.02896286386673,65.1762086576113,0.0,77.00157215815325,0.0,100.0,20.297440604646166,22.597088089681368,20786,3.8815705957600555,0.04000000059604645,0.030000001192092896,0.030000001192092896,0.04000000059604645,0.05,0.293700008392334,0.30809999465942384,0.32779998779296876,0.34349998474121096,0.9808842733368124,0.9999999970577057,16.93525505065918,16.937911987304688,16.940073013305664,0.305,1,2,0.0,0.0,0.0,0.0,0.0,0.0,0.0,0.0,0.0,-147
2013-06-15,True,100.0,100.0,100.0,100.0,0.14940384934623607,0.9696602771294931,0.3241965881238587,98.55673928540041,98.88093587352427,0.0,87.18935229037078,0.0,100.0,0.14940384934623607,0.25779487730330936,153,3.9518782895700486,0.030000001192092896,0.020000000298023225,0.030000001192092896,0.04000000059604645,0.06000000238418579,0.5381000137329102,0.5463000106811523,0.557400016784668,0.5659999847412109,0.9725548752062991,0.9999999992027467,16.620960235595703,16.623647689819336,16.625810623168945,0.39790000915527346,1,2,0.0,0.0,0.0,0.0,0.0,0.0,0.0,0.0,0.0,-146
2013-06-16,True,100.0,100.0,100.0,100.0,0.0,0.0,0.0,100.0,100.0,0.0,72.17377718320037,0.0,100.0,0.0,0.0,0,4.391301375882508,0.05,,,,,0.6304000091552735,0.6391999816894531,0.6452999877929687,0.650199966430664,359.2212097510887,0.9999984570901349,17.97998046875,17.982606887817383,17.984844207763672,0.4975,2,2,0.0,0.0,0.0,0.0,0.0,0.0,0.0,0.0,0.0,-145
2013-06-17,True,100.0,100.0,100.0,100.0,0.0,0.0,0.0,100.0,100.0,0.0,89.10426045094574,0.0,100.0,0.0,0.0,0,4.128624019842394,0.05,,,,,0.45939998626708983,0.47419998168945315,0.48450000762939455,0.4925,359.204755847855,0.9999999989422345,17.66698455810547,17.66960906982422,17.671802520751953,0.6004999923706055,1,2,0.0,0.0,0.0,0.0,0.0,0.0,0.0,0.0,0.0,-144
2013-06-18,True,100.0,100.0,100.0,100.0,0.006835470231527141,0.1152264981886004,0.096673078988741,99.78126495259113,99.87793803157987,0.0,99.59377776909781,0.0,100.0,0.006835470231527141,0.007811965978888163,7,3.66576503559327,0.04000000059604645,0.04000000059604645,0.04000000059604645,0.05000000149011612,0.06699999988079071,0.1621999931335449,0.1869000053405762,0.20360000610351564,0.21719999313354493,359.1956397297877,0.9999999901233777,17.353519439697266,17.356143951416016,17.358306884765625,0.7027999877929688,0,1,0.0,0.0,0.0,0.0,0.0,0.0,0.0,0.0,0.0,-143
2013-06-19,True,100.0,100.0,100.0,100.0,0.0,0.0,0.0,100.0,100.0,0.0,96.21607897897604,0.0,100.0,0.0,0.0,0,3.5759274268360564,0.20999999046325685,,,,,0.18079999923706055,0.19739999771118164,0.2209000015258789,0.23899999618530274,0.9833870625404302,0.9999999921114069,17.039682388305664,17.042339324951172,17.04450035095215,0.7993000030517579,1,2,0.0,0.0,0.0,0.0,0.0,0.0,0.0,0.0,0.0,-142
2013-06-20,True,100.0,100.0,100.0,100.0,0.5077777886277305,1.210854726727665,0.5858974484166122,97.69547003622799,98.2813674846446,0.0,90.03779038542287,0.0,100.0,0.5077777886277305,0.774361127657289,520,4.121788549610867,0.49000000953674316,0.15000000000000002,0.1700000047683716,0.20999999046325685,0.2700000047683716,0.472400016784668,0.482400016784668,0.4958000183105469,0.5063000106811524,0.9753304685892772,0.999999998964754,16.725479125976562,16.728166580200195,16.73029899597168,0.8888999938964844,1,2,0.0,0.0,0.0,0.0,0.0,0.0,0.0,0.0,0.0,-141
2013-06-21,True,100.0,100.0,100.0,99.99707051275792,16.11706231019364,6.502485181677034,1.7850342261759449,75.59541828195339,77.38045250812932,0.0,34.11387893405724,0.0,100.0,16.114132822951557,20.860878650873477,16502,4.535822746491939,0.8100000381469727,0.29000000953674315,0.3700000047683716,0.4699999809265137,0.6800000190734864,0.6401999664306641,0.6458999633789063,0.6533999633789063,0.658499984741211,0.855171026873677,0.9999720944208371,16.4113712310791,16.414213180541992,16.416683197021484,0.9523999786376953,1,3,0.0,0.0,0.0,0.0,0.0,0.0,0.0,0.0,0.0,-140
2013-06-22,True,100.0,100.0,100.0,100.0,55.86141572353453,3.262472291933169,0.9306004472350523,39.94551153729726,40.87611198453231,0.0,43.1435351099046,0.0,100.0,55.86141572353453,56.73733240891736,57206,3.9362543576122726,0.5599999904632569,0.48000001907348633,0.5199999809265137,0.5699999809265137,0.8,0.5263000106811524,0.5386999893188477,0.5472000122070313,0.5540000152587891,359.2081679076554,0.9999999992240378,17.771072387695312,17.773696899414062,17.775894165039062,0.9901999664306641,1,2,0.0,0.0,0.0,0.0,0.0,0.0,0.0,0.0,0.0,-139
2013-06-23,True,100.0,100.0,100.0,100.0,47.027058697159376,7.672327087015536,1.6248889236087378,43.67572529221635,45.30061421582509,0.0,37.84799867196578,0.0,100.0,47.027058697159376,50.24070620172449,48159,3.9841026492329625,0.6800000190734864,0.5800000190734863,0.65,0.7400000095367432,1.2199999809265138,0.27680000305175784,0.2979999923706055,0.31270000457763675,0.3243000030517578,359.1983676791977,0.999999996713989,17.45773696899414,17.460363388061523,17.4625244140625,0.9981999969482422,0,2,0.0,0.0,0.0,0.0,0.0,0.0,0.0,0.0,0.0,-138
2013-06-24,True,100.0,100.0,100.0,100.0,80.51793334440028,3.719472301698126,0.7675256574257618,14.995068696475828,15.762594353901587,0.0,9.903619869735468,0.0,100.0,80.51793334440028,84.23740564609841,82456,3.472418877615788,0.45999999046325685,0.4199999809265137,0.45,0.49000000953674316,0.7199999809265137,0.055,0.07349999904632569,0.0990999984741211,0.1190999984741211,0.9748519913949849,0.9999973157353323,17.144001007080078,17.146656036376953,17.148788452148438,0.9752999877929688,1,2,0.0,0.0,0.0,0.0,0.0,0.0,0.0,0.0,0.0,-137
2013-06-25,True,100.0,100.0,100.0,100.0,0.0019529914947220407,0.004882478736805101,0.0058589744841661216,99.98730555528431,99.99316452976848,0.0,80.92415557530246,0.0,100.0,0.0019529914947220407,0.006835470231527141,2,3.8552052105813077,1.0399999618530273,0.35999999046325687,0.35999999046325687,0.35999999046325687,0.35999999046325687,0.3931999969482422,0.405,0.42130001068115236,0.43423999023437587,0.9780778977836917,0.9999999984403523,16.829893112182617,16.832550048828125,16.8347110748291,0.920199966430664,1,2,0.0,0.0,0.0,0.0,0.0,0.0,0.0,0.0,0.0,-136
2013-06-26,True,100.0,100.0,100.0,100.0,6.1665706445848425,1.6961731131660922,0.7362777935102093,91.40097844873885,92.13725624224907,0.0,82.71504877596259,0.0,100.0,6.1665706445848425,6.629429628833966,6315,4.121788549610867,0.45,0.25,0.27999999523162844,0.3099999904632569,0.3700000047683716,0.5945999908447266,0.6013000106811524,0.6104000091552735,0.6177000045776367,0.9696909088784196,0.9999999993035557,16.515445709228516,16.518163681030273,16.52032470703125,0.8441999816894531,1,2,0.0,0.0,0.0,0.0,0.0,0.0,0.0,0.0,0.0,-135
2013-06-27,True,100.0,100.0,100.0,100.0,4.658861210659428,3.6413526419092443,0.9520833536769947,90.74770279375434,91.69978614743133,0.0,93.02977335533704,0.0,100.0,4.658861210659428,5.61875653031531,4771,4.16377786674739,0.25999999046325684,0.15000000000000002,0.1700000047683716,0.20999999046325685,0.3900000095367432,0.5818999862670898,0.5922999954223633,0.5995000076293946,0.6052999877929688,359.21166517122975,0.9999999993633747,17.875030517578125,17.877649307250977,17.879873275756836,0.7519000244140626,2,1,0.0,0.0,0.0,0.0,0.0,0.0,0.0,0.0,0.0,-134
2013-06-28,True,100.0,100.0,100.0,100.0,0.0,0.0,0.0,100.0,100.0,0.0,13.420957551729861,0.0,100.0,0.0,0.0,0,3.920630425654496,0.6000000000000001,,,,,0.37459999084472656,0.3927000045776367,0.4052000045776367,0.414900016784668,359.20141732410497,0.9999999983074116,17.561813354492188,17.564437866210938,17.566631317138672,0.6501000213623047,0,2,0.0,0.0,0.0,0.0,0.0,0.0,0.0,0.0,0.0,-133
2013-06-29,True,100.0,100.0,100.0,100.0,0.0029294872420830608,0.013670940463054282,0.009764957473610203,99.97363461482125,99.98339957229486,0.0,98.22961321003447,0.0,100.0,0.0029294872420830608,0.015623931957776326,3,3.894265040475749,0.1600000023841858,0.03500000089406967,0.04000000059604645,0.04500000029802323,0.04900000005960465,0.030899999141693116,0.05679999828338623,0.07489999771118164,0.08989999771118164,359.2889101295282,0.9999753202202164,17.248199462890625,17.250825881958008,17.252986907958984,0.545,1,2,0.0,0.0,0.0,0.0,0.0,0.0,0.0,0.0,0.0,-132
2013-06-30,True,100.0,100.0,100.0,100.0,83.8145829874911,6.068921069848741,0.9960256623082406,9.12047028035193,10.116495942660169,0.0,0.9686837813821322,0.0,100.0,83.8145829874911,89.83565576571914,85832,3.883523587254777,0.04000000059604645,0.04000000059604645,0.04000000059604645,0.05,0.06999999880790711,0.29770000457763673,0.31209999084472656,0.33180000305175783,0.34689998626708984,0.9808487689932122,0.9999999971721613,16.934200286865234,16.936840057373047,16.939002990722656,0.4363000106811524,1,2,0.0,0.0,0.0,0.0,0.0,0.0,0.0,0.0,0.0,-131
2013-07-01,True,100.0,100.0,100.0,100.0,67.21513177810111,3.850322731844503,1.0214145517396274,27.91313093831476,28.934545490054393,0.0,26.180827482496316,0.0,100.0,67.21513177810111,68.18381555948324,68833,3.9557842725594927,0.030000001192092896,0.020000000298023225,0.030000001192092896,0.04000000059604645,0.06000000238418579,0.5402999877929687,0.548499984741211,0.5593999862670899,0.5681000137329102,0.9724356967827248,0.9999999992178661,16.619829177856445,16.622516632080078,16.624679565429688,0.33869998931884765,1,2,0.0,0.0,0.0,0.0,0.0,0.0,0.0,0.0,0.0,-130
2013-07-02,True,100.0,100.0,100.0,100.0,0.19139316648275997,0.12206196842012754,0.047848291620689994,99.63869657347642,99.68654486509712,0.0,92.61085667971915,0.0,100.0,0.19139316648275997,0.2206880389035906,196,4.4899274463659715,0.06999999880790711,0.030000001192092896,0.05,0.05,0.0800000011920929,0.6286000061035156,0.637400016784668,0.6436000061035156,0.6486000061035156,359.2171075686068,0.9999995115773808,17.978849411010742,17.981475830078125,17.98373031616211,0.24989999771118165,2,2,0.0,0.0,0.0,0.0,0.0,0.0,0.0,0.0,0.0,-129
2013-07-03,True,100.0,100.0,100.0,100.0,48.54843907154785,6.223207397931782,1.4745085785151406,43.75384495200523,45.22835353052038,0.0,45.31721464353023,0.0,100.0,48.54843907154785,50.039548077768124,49717,4.059292821779762,0.030000001192092896,0.020000000298023225,0.030000001192092896,0.04000000059604645,0.05,0.45619998931884764,0.47130001068115235,0.48150001525878905,0.48959999084472655,359.2046374515563,0.9999999989358004,17.665790557861328,17.668415069580078,17.670608520507812,0.1722999954223633,1,2,0.0,0.0,0.0,0.0,0.0,0.0,0.0,0.0,0.0,-128
2013-07-04,True,100.0,100.0,100.0,100.0,0.0,0.0,0.0,100.0,100.0,0.0,96.07741658285079,0.0,100.0,0.0,0.0,0,3.6579530696143814,0.030000001192092896,,,,,0.15720000267028808,0.18190000534057618,0.198799991607666,0.21200000762939453,359.19555914927105,0.9999999895569032,17.352296829223633,17.354923248291016,17.357072830200195,0.10760000228881836,0,1,0.0,0.0,0.0,0.0,0.0,0.0,0.0,0.0,0.0,-127
2013-07-05,True,100.0,100.0,100.0,100.0,15.902233245774214,3.768297089066177,0.6737820656791039,79.6556875994805,80.3294696651596,0.0,61.58270430732274,0.0,100.0,15.902233245774214,18.42354526546037,16285,3.68529495054049,0.04000000059604645,0.030000001192092896,0.030000001192092896,0.04000000059604645,0.05,0.18579999923706056,0.2025,0.2256999969482422,0.24350000381469727,0.9833235464934091,0.9999999925319802,17.038402557373047,17.04102897644043,17.04319190979004,0.05730000019073486,1,2,0.0,0.0,0.0,0.0,0.0,0.0,0.0,0.0,0.0,-126
2013-07-06,True,100.0,100.0,100.0,100.0,0.5185192418487018,0.5068012928803695,0.11132051519915631,98.86335895007178,98.97467946527094,0.0,92.4243459919732,0.0,100.0,0.5185192418487018,0.5566025759957816,531,4.092493677190036,0.020000000298023225,0.020000000298023225,0.030000001192092896,0.04000000059604645,0.08999999761581422,0.4752999877929688,0.48509998321533204,0.49849998474121093,0.5088999938964844,0.9752159217238727,0.999999998969484,16.724138259887695,16.726825714111328,16.728958129882812,0.020999999046325685,1,2,0.0,0.0,0.0,0.0,0.0,0.0,0.0,0.0,0.0,-125
2013-07-07,True,100.0,100.0,100.0,100.0,0.06933119806263244,0.8788461726249182,0.26853633052428055,98.78328629878817,99.05182262931245,0.0,96.99825207261222,0.0,100.0,0.06933119806263244,0.11425000244123937,71,4.4899274463659715,0.04000000059604645,0.030000001192092896,0.05,0.06000000238418579,0.12000000476837158,0.6419000244140625,0.6475,0.6544999694824218,0.6591999816894532,0.8068439782615542,0.9999612371954351,16.41012191772461,16.41302490234375,16.415742874145508,0.0038999998569488525,1,3,0.0,0.0,0.0,0.0,0.0,0.0,0.0,0.0,0.0,-124
2013-07-08,True,100.0,100.0,100.0,100.0,76.81115548741785,7.63717324011054,1.5965705469352682,13.95510072553634,15.551671272471609,0.0,20.843301727420975,0.0,100.0,76.81115548741785,78.74461706719266,78660,3.9753141875067137,0.05,0.04000000059604645,0.05,0.05,0.0800000011920929,0.5236000061035156,0.5359999847412109,0.5447000122070312,0.5515000152587891,359.2080166825095,0.9999999992043016,17.769636154174805,17.772293090820312,17.774456024169922,0.004000000059604645,1,2,0.0,0.0,0.0,0.0,0.0,0.0,0.0,0.0,0.0,-123
2013-07-09,True,100.0,100.0,100.0,100.0,80.1019461560245,7.5424531526165195,1.3221752419268213,11.033425449432167,12.355600691358989,0.0,2.2010214145517395,0.0,100.0,80.1019461560245,87.6043629829992,82030,3.792709482750203,0.04000000059604645,0.04000000059604645,0.04000000059604645,0.05,0.06000000238418579,0.2720999908447266,0.293700008392334,0.30829999923706053,0.31989999771118166,359.19818501374795,0.9999999965620557,17.456268310546875,17.458892822265625,17.461055755615234,0.020999999046325685,0,2,0.0,0.0,0.0,0.0,0.0,0.0,0.0,0.0,0.0,-122
2013-07-10,True,100.0,100.0,100.0,100.0,0.2109230814299804,2.9617116017459746,1.1747243840753074,95.65264093274874,96.82736531682404,0.0,97.61051490620758,0.0,100.0,0.2109230814299804,0.42477565010204377,216,3.6237757184567463,0.030000001192092896,0.020000000298023225,0.030000001192092896,0.030000001192092896,0.030000001192092896,0.060799999237060545,0.07880000114440919,0.10430000305175781,0.1247000026702881,0.979448688556829,0.9999985983343612,17.142498016357422,17.145122528076172,17.14728546142578,0.05510000228881836,1,2,0.0,0.0,0.0,0.0,0.0,0.0,0.0,0.0,0.0,-121
2013-07-11,True,100.0,100.0,100.0,100.0,0.24314744109289405,1.0028611325397678,0.25486539006122627,98.49912603630612,98.75399142636734,0.0,99.2158739148691,0.0,100.0,0.24314744109289405,0.36325641801829955,249,3.8591111935707523,0.04000000059604645,0.030000001192092896,0.04000000059604645,0.04000000059604645,0.04000000059604645,0.39680000305175783,0.40880001068115235,0.424900016784668,0.43759998321533206,0.978009965057197,0.9999999984947953,16.828325271606445,16.83098030090332,16.83315086364746,0.11029999732971192,1,2,0.0,0.0,0.0,0.0,0.0,0.0,0.0,0.0,0.0,-120
2013-07-12,True,100.0,100.0,100.0,100.0,0.0,0.0,0.0,100.0,100.0,0.0,99.95410469987404,0.0,100.0,0.0,0.0,0,4.19209624342086,0.05,,,,,0.5968000030517578,0.6034000015258789,0.6125,0.6195999908447266,0.9695894292831326,0.9999999993181128,16.51384162902832,16.516529083251953,16.518722534179688,0.17700000762939452,1,2,0.0,0.0,0.0,0.0,0.0,0.0,0.0,0.0,0.0,-119
2013-07-13,True,100.0,100.0,100.0,100.0,0.0,0.0,0.0,100.0,100.0,0.0,100.0,0.0,100.0,0.0,0.0,0,4.027068462116847,0.04000000059604645,,,,,0.5795999908447266,0.5900999832153321,0.597400016784668,0.6031000137329102,359.21151926539824,0.9999999993662494,17.87338638305664,17.87601089477539,17.87823486328125,0.2571999931335449,1,2,0.0,0.0,0.0,0.0,0.0,0.0,0.0,0.0,0.0,-118
2013-07-14,True,100.0,100.0,100.0,100.0,0.9579423281611609,2.17270303787827,0.7167478785629889,96.15260675539758,96.86935463396057,0.0,88.79080531604285,0.0,100.0,0.9579423281611609,1.1337115626861445,981,3.8815705957600555,0.04000000059604645,0.030000001192092896,0.04000000059604645,0.05,0.12999999523162842,0.3706000137329102,0.38860000610351564,0.4013999938964844,0.41119998931884766,359.2012748650929,0.9999999982405495,17.560138702392578,17.56276512145996,17.564926147460938,0.3488999938964844,0,2,0.0,0.0,0.0,0.0,0.0,0.0,0.0,0.0,0.0,-117
2013-07-15,True,100.0,100.0,100.0,100.0,4.796547111037332,2.6638803988008632,0.9345064302244963,91.60506605993731,92.5395724901618,0.0,74.25078363783726,0.0,100.0,4.796547111037332,6.19293602976359,4912,4.015350513148515,0.030000001192092896,0.020000000298023225,0.030000001192092896,0.030000001192092896,0.04000000059604645,0.02569999933242798,0.05070000171661377,0.0690999984741211,0.0840999984741211,359.3358782497353,0.9999639807384981,17.246458053588867,17.24908447265625,17.25124740600586,0.4493999862670899,1,2,0.0,0.0,0.0,0.0,0.0,0.0,0.0,0.0,0.0,-116
2013-07-16,True,100.0,100.0,100.0,100.0,0.5077777886277305,0.5009423183962034,0.2372884666087279,98.75399142636734,98.99127989297607,0.0,99.3711367386995,0.0,100.0,0.5077777886277305,0.5868739441639731,520,3.9723847002646306,0.04000000059604645,0.030000001192092896,0.030000001192092896,0.04000000059604645,0.05,0.30239999771118165,0.3165999984741211,0.33630001068115234,0.3515999984741211,0.9807310786238759,0.9999999972716898,16.93240737915039,16.9350643157959,16.937213897705078,0.5640999984741211,1,2,0.0,0.0,0.0,0.0,0.0,0.0,0.0,0.0,0.0,-115
2013-07-17,True,100.0,100.0,100.0,100.0,76.0133584618239,7.333483062681262,1.7664808069760858,14.886677668518752,16.653158475494838,0.0,21.04641284287207,0.0,100.0,76.0133584618239,78.00540978644038,77843,3.907935980938803,0.04000000059604645,0.030000001192092896,0.04000000059604645,0.05,0.06999999880790711,0.5427999877929688,0.5508000183105469,0.5615999984741211,0.5702999877929688,0.9723235637799235,0.9999999992235536,16.61850929260254,16.621196746826172,16.623390197753906,0.6705999755859375,1,2,0.0,0.0,0.0,0.0,0.0,0.0,0.0,0.0,0.0,-114
2013-07-18,True,100.0,100.0,100.0,100.0,98.82234612868261,0.6034743718691106,0.10839102795707324,0.4657884714912066,0.5741794994482798,0.0,0.11425000244123937,0.0,100.0,98.82234612868261,99.42582050055172,101201,4.50848086556583,0.04000000059604645,0.030000001192092896,0.04000000059604645,0.05,0.08999999761581422,0.6270000076293946,0.6358000183105469,0.6422000122070313,0.6469999694824219,359.2156850401463,0.9999998576148407,17.97811508178711,17.98075294494629,17.98296356201172,0.7722000122070313,2,2,0.0,0.0,0.0,0.0,0.0,0.0,0.0,0.0,0.0,-113
2013-07-19,True,100.0,100.0,100.0,100.0,0.0,0.0,0.0,100.0,100.0,0.0,85.18070053804917,0.0,100.0,0.0,0.0,0,3.9889851279697677,0.22999999523162842,,,,,0.4540000152587891,0.4690000152587891,0.47939998626708985,0.4875,359.2045610271059,0.9999999989157572,17.665546417236328,17.66817283630371,17.670364379882812,0.8622000122070312,1,2,0.0,0.0,0.0,0.0,0.0,0.0,0.0,0.0,0.0,-112
2013-07-20,True,100.0,100.0,100.0,100.0,3.8552052105813077,2.1277842334996633,0.7577606999521518,93.25924985596687,94.01701055591903,0.0,84.57722616618004,0.0,100.0,3.8552052105813077,4.646166765943734,3948,3.712636831466599,0.24000000953674316,0.1700000047683716,0.2,0.24000000953674316,0.3900000095367432,0.15399999618530275,0.17860000610351562,0.1956999969482422,0.2093000030517578,359.19564286930466,0.9999999890877288,17.35254669189453,17.35517120361328,17.35733413696289,0.9337000274658204,0,1,0.0,0.0,0.0,0.0,0.0,0.0,0.0,0.0,0.0,-111
2013-07-21,True,100.0,100.0,100.0,100.0,32.941107541476654,7.066899723651704,2.211762867772711,57.78022986709893,59.99199273487164,0.0,60.08964230960774,0.0,100.0,32.941107541476654,35.759274268360564,33734,3.6569765738670204,0.5300000190734864,0.3400000095367432,0.43000001907348634,0.6400000095367432,1.1100000381469728,0.18850000381469728,0.20510000228881836,0.22780000686645507,0.24600000381469728,0.9832131038282341,0.9999999926510942,17.039175033569336,17.041831970214844,17.043962478637695,0.9805000305175782,1,2,0.0,0.0,0.0,0.0,0.0,0.0,0.0,0.0,0.0,-110
2013-07-22,True,100.0,100.0,100.0,100.0,0.5243782163328679,0.385715820207603,0.26072436454539244,98.82918159891415,99.08990596345953,0.0,84.39559795717089,0.0,100.0,0.5243782163328679,0.6083568506059156,537,4.135459490073921,2.0700000762939452,0.55,0.6300000190734864,0.8,1.2000000000000002,0.4765999984741211,0.48630001068115236,0.49950000762939456,0.51,0.9751994053463591,0.999999998996125,16.725433349609375,16.728090286254883,16.73025131225586,0.9981999969482422,1,2,0.0,0.0,0.0,0.0,0.0,0.0,0.0,0.0,0.0,-109
2013-07-23,True,100.0,100.0,100.0,99.99902350425263,12.560664798304805,5.689064224125303,1.7352329430605329,80.01503803450936,81.7502709775699,0.0,67.62428349624537,0.0,100.0,12.559688302557442,13.306707549288625,12862,4.467468044176667,0.6599999904632569,0.4199999809265137,0.45999999046325685,0.49000000953674316,0.5400000095367432,0.6423999786376954,0.6480999755859375,0.6548000335693359,0.6594000244140625,0.7915141153369518,0.9999579396014318,16.41200065612793,16.414936065673828,16.417808532714844,0.9841000366210938,1,3,0.0,0.0,0.0,0.0,0.0,0.0,0.0,0.0,0.0,-108
2013-07-24,True,100.0,100.0,100.0,100.0,2.1590320974152157,1.9793568799007881,0.6093333463532766,95.25227767633072,95.861611022684,0.0,97.50602986123995,0.0,100.0,2.1590320974152157,2.4929936430126847,2211,4.074916753737537,0.3799999952316284,0.3400000095367432,0.35999999046325687,0.3799999952316284,0.4,0.5233000183105468,0.5358000183105469,0.5443999862670899,0.5511999893188476,359.20802012276766,0.9999999992178744,17.77200698852539,17.774633407592773,17.776824951171875,0.9416000366210938,1,2,0.0,0.0,0.0,0.0,0.0,0.0,0.0,0.0,0.0,-107
2013-07-25,True,100.0,100.0,100.0,100.0,56.914078139189705,5.996660384544025,1.3153397716952941,35.773921704570974,37.08926147626627,0.0,25.74335738767858,0.0,100.0,56.914078139189705,61.10812737410528,58284,3.727284267677014,0.24000000953674316,0.2200000047683716,0.22999999523162842,0.25,0.3200000047683716,0.2720999908447266,0.29329999923706057,0.3081999969482422,0.31989999771118166,359.1982668030202,0.9999999965576813,17.459131240844727,17.461769104003906,17.463951110839844,0.8758999633789063,0,2,0.0,0.0,0.0,0.0,0.0,0.0,0.0,0.0,0.0,-106
2013-07-26,True,100.0,100.0,100.0,100.0,0.4892243694278711,1.2215961799486363,0.46481197574384564,97.82436747487965,98.2891794506235,0.0,76.96934779849033,0.0,100.0,0.4892243694278711,1.648324821545402,501,3.5563975118888353,0.3200000047683716,0.22999999523162842,0.2700000047683716,0.3400000095367432,0.5599999904632569,0.06019999980926514,0.07829999923706055,0.10380000114440918,0.12409999847412109,0.9794773450747698,0.9999985273123271,17.145885467529297,17.14851188659668,17.150672912597656,0.7929000091552735,1,2,0.0,0.0,0.0,0.0,0.0,0.0,0.0,0.0,0.0,-105
2013-07-27,True,100.0,100.0,100.0,100.0,0.4267286415967658,0.5507436015116154,0.25486539006122627,98.7676623668304,99.02252775689162,0.0,80.825529504819,0.0,100.0,0.4267286415967658,0.5439081312800883,437,3.7819680295292315,0.45,0.17999999523162843,0.2200000047683716,0.3400000095367432,0.5800000190734863,0.39630001068115234,0.40799999237060547,0.4241999816894531,0.43689998626708987,0.9779856697971923,0.9999999984618967,16.832237243652344,16.83489418029785,16.83705711364746,0.6937999725341797,1,2,0.0,0.0,0.0,0.0,0.0,0.0,0.0,0.0,0.0,-104
2013-07-28,True,100.0,100.0,100.0,100.0,0.05663675334693917,0.2470534240823381,0.08104914703096468,99.61526067553976,99.69630982257073,0.0,99.48050426240394,0.0,100.0,0.05663675334693917,0.08788461726249182,58,4.148153934789614,0.15000000000000002,0.0800000011920929,0.0949999988079071,0.1100000023841858,0.15000000000000002,0.5961000061035157,0.6027999877929687,0.6118000030517579,0.6190999984741211,0.9696155976682803,0.9999999993035811,16.51824951171875,16.52096939086914,16.523130416870117,0.5940000152587891,1,2,0.0,0.0,0.0,0.0,0.0,0.0,0.0,0.0,0.0,-103
2013-07-29,True,100.0,100.0,100.0,100.0,0.0,0.07421367679943754,0.12108547267276652,99.8047008505278,99.92578632320055,0.0,99.11529485289091,0.0,100.0,0.0,0.0,0,4.07784624097962,0.2200000047683716,,,,,0.5806000137329101,0.590999984741211,0.5983000183105469,0.6040000152587891,359.21157761281535,0.9999999993628447,17.87835121154785,17.8809757232666,17.88319969177246,0.49380001068115237,2,2,0.0,0.0,0.0,0.0,0.0,0.0,0.0,0.0,0.0,-102
2013-07-30,True,100.0,100.0,100.0,100.0,0.03808333414707979,0.672805569931743,0.4726239417227338,98.81648715419844,99.28911109592119,0.0,96.47973283076352,0.0,100.0,0.03808333414707979,0.07811965978888162,39,3.8395812786235313,0.0800000011920929,0.04000000059604645,0.05,0.08999999761581422,0.1,0.37270000457763675,0.3909000015258789,0.4033000183105469,0.41310001373291017,359.20136619185394,0.9999999982843767,17.565629959106445,17.568256378173828,17.570417404174805,0.3965999984741211,0,2,0.0,0.0,0.0,0.0,0.0,0.0,0.0,0.0,0.0,-101
2013-07-31,True,100.0,100.0,100.0,100.0,0.0,0.0,0.0,100.0,100.0,0.0,99.12994228910134,0.0,100.0,0.0,0.0,0,2.9226517718515335,0.05,,,,,0.029000000953674318,0.05460000038146973,0.07309999942779541,0.08760000228881835,359.3034156207932,0.9999715770265034,17.25247573852539,17.255102157592773,17.257265090942383,0.30559999465942383,0,1,0.0,0.0,0.0,0.0,0.0,0.0,0.0,0.0,0.0,-100
2013-08-01,True,100.0,100.0,100.0,100.0,6.963391174431435,2.408038512992276,0.8983760875721386,89.73019422500414,90.62857031257629,0.0,91.8482135010302,0.0,100.0,6.963391174431435,7.304188190260431,7131,3.9001240149599146,0.030000001192092896,0.020000000298023225,0.020000000298023225,0.030000001192092896,0.04000000059604645,0.2990999984741211,0.31340000152587894,0.33310001373291015,0.3481999969482422,0.9808353342930332,0.9999999971845616,16.93895149230957,16.941608428955078,16.94373893737793,0.21829999923706056,1,2,0.0,0.0,0.0,0.0,0.0,0.0,0.0,0.0,0.0,-99
2013-08-02,True,100.0,100.0,100.0,100.0,0.5624615504799477,0.5185192418487018,0.193346157977482,98.72567304969387,98.91901920767135,0.0,89.14820275957698,0.0,100.0,0.5624615504799477,0.6366752272793852,576,3.9977735896960165,0.030000001192092896,0.010000000149011612,0.020000000298023225,0.030000001192092896,0.04000000059604645,0.5409000015258789,0.549000015258789,0.5599000167846679,0.568499984741211,0.9724428573778141,0.9999999992204506,16.62505531311035,16.627742767333984,16.629905700683594,0.1463000011444092,1,2,0.0,0.0,0.0,0.0,0.0,0.0,0.0,0.0,0.0,-98
2013-08-03,True,100.0,100.0,100.0,100.0,0.0,0.0,0.0,100.0,100.0,0.0,87.61608093196755,0.0,100.0,0.0,0.0,0,4.539728729481383,0.04000000059604645,,,,,0.6284999847412109,0.6372999954223633,0.6436000061035156,0.6486000061035156,359.21692525288415,0.9999995617684649,17.984567642211914,17.987224578857422,17.98944854736328,0.08770000457763671,2,2,0.0,0.0,0.0,0.0,0.0,0.0,0.0,0.0,0.0,-97
2013-08-04,True,100.0,100.0,100.0,100.0,0.0,0.0,0.0,100.0,100.0,0.0,51.2074369916119,0.0,100.0,0.0,0.0,0,4.075893249484898,0.04000000059604645,,,,,0.4563999938964844,0.4715000152587891,0.4818000030517578,0.489900016784668,359.2046527914349,0.999999998930189,17.672000885009766,17.67459487915039,17.67679786682129,0.04300000190734864,1,2,0.0,0.0,0.0,0.0,0.0,0.0,0.0,0.0,0.0,-96
2013-08-05,True,100.0,100.0,100.0,100.0,6.241760817131641,2.6267735604011446,0.5985918931323054,90.53287372933491,91.13146562246722,0.0,79.3451619518197,0.0,100.0,6.241760817131641,7.818801449119689,6392,3.487066313826203,0.030000001192092896,0.020000000298023225,0.020000000298023225,0.030000001192092896,0.030000001192092896,0.15779999732971192,0.1825,0.19940000534057617,0.21299999237060546,359.19556054277035,0.9999999895305912,17.358970642089844,17.361597061157227,17.36372947692871,0.014099999666213989,0,1,0.0,0.0,0.0,0.0,0.0,0.0,0.0,0.0,0.0,-95
2013-08-06,True,100.0,100.0,100.0,100.0,56.238343082015874,8.523831378714346,1.4608376380520862,33.776987901217694,35.23782553926978,0.0,14.881795189781949,0.0,100.0,56.238343082015874,64.75729198199342,57592,3.6227992227093853,0.030000001192092896,0.030000001192092896,0.030000001192092896,0.04000000059604645,0.05,0.18459999084472656,0.20100000381469726,0.2240999984741211,0.2425,0.9834161867424882,0.9999999923975553,17.04553985595703,17.04819679260254,17.050329208374023,0.0023999999463558195,1,2,0.0,0.0,0.0,0.0,0.0,0.0,0.0,0.0,0.0,-94
2013-08-07,True,100.0,100.0,100.0,100.0,0.0,0.0,0.0,100.0,100.0,0.0,96.53734607985783,0.0,100.0,0.0,0.0,0,4.227250090325857,0.05,,,,,0.4745999908447266,0.48419998168945316,0.49759998321533205,0.5079999923706054,0.9752500562140085,0.9999999989687993,16.731739044189453,16.734426498413086,16.736589431762695,0.009200000166893006,1,2,0.0,0.0,0.0,0.0,0.0,0.0,0.0,0.0,0.0,-93
2013-08-08,True,100.0,100.0,100.0,100.0,0.0,0.0,0.0,100.0,100.0,0.0,67.99339888874783,0.0,100.0,0.0,0.0,0,4.559258644428604,0.030000001192092896,,,,,0.6412000274658203,0.6469000244140625,0.6541000366210937,0.659000015258789,0.8302541189656836,0.9999664087821747,16.418153762817383,16.421056747436523,16.4235897064209,0.0352999997138977,1,3,0.0,0.0,0.0,0.0,0.0,0.0,0.0,0.0,0.0,-92
2013-08-09,True,100.0,100.0,100.0,100.0,23.587254777505446,6.952649721210465,1.580946614977492,67.8791488863066,69.46009550128409,0.0,73.535988750769,0.0,100.0,23.587254777505446,24.948489849326705,24155,4.059292821779762,0.04000000059604645,0.030000001192092896,0.04000000059604645,0.05,0.06000000238418579,0.5252999877929687,0.5375999832153321,0.5463000106811523,0.5531999969482422,359.2081455252959,0.9999999992089073,17.77825164794922,17.78087043762207,17.783071517944336,0.07920000076293945,2,2,0.0,0.0,0.0,0.0,0.0,0.0,0.0,0.0,0.0,-91
2013-08-10,True,100.0,100.0,100.0,100.0,0.15135684084095813,0.5087542843750915,0.18944017498803795,99.15044869979592,99.33988887478395,0.0,98.12903414805628,0.0,100.0,0.15135684084095813,0.20701709844053628,155,3.7897799955081197,0.04000000059604645,0.030000001192092896,0.030000001192092896,0.030000001192092896,0.04000000059604645,0.27540000915527346,0.2965999984741211,0.3113999938964844,0.32299999237060545,359.1982982932505,0.9999999965978512,17.46534538269043,17.467971801757812,17.47013282775879,0.14039999961853028,0,2,0.0,0.0,0.0,0.0,0.0,0.0,0.0,0.0,0.0,-90
2013-08-11,True,100.0,100.0,100.0,100.0,0.0,0.0029294872420830608,0.0,99.99707051275792,99.99707051275792,0.0,99.75880555040183,0.0,100.0,0.0,0.0,0,3.3776987901217694,0.04000000059604645,,,,,0.05619999885559082,0.0746999979019165,0.10020000457763673,0.12020000457763672,0.9759342281714112,0.999997503002502,17.152036666870117,17.154693603515625,17.15682601928711,0.21739999771118165,0,1,0.0,0.0,0.0,0.0,0.0,0.0,0.0,0.0,0.0,-89
2013-08-12,True,100.0,100.0,100.0,100.0,0.0,0.0,0.0,100.0,100.0,0.0,89.83663226146649,0.0,100.0,0.0,0.0,0,3.811262901950062,0.030000001192092896,,,,,0.39369998931884764,0.4056999969482422,0.42189998626708985,0.43470001220703125,0.9780887808374246,0.9999999984374152,16.83835792541504,16.841014862060547,16.843177795410156,0.315,1,2,0.0,0.0,0.0,0.0,0.0,0.0,0.0,0.0,0.0,-88
2013-08-13,True,100.0,100.0,100.0,100.0,0.0,0.0,0.006835470231527141,99.99316452976848,100.0,0.0,99.92871581044265,0.0,100.0,0.0,0.0,0,4.143271456052809,0.04000000059604645,,,,,0.5947000122070313,0.601500015258789,0.6106000137329102,0.6179999923706054,0.9697020340013864,0.9999999993010367,16.52433967590332,16.527057647705078,16.529220581054688,0.41720001220703123,1,2,0.0,0.0,0.0,0.0,0.0,0.0,0.0,0.0,0.0,-87
2013-08-14,True,100.0,100.0,100.0,100.0,0.0,0.0039059829894440815,0.0,99.99609401701055,99.99609401701055,0.0,98.41905338502251,0.0,100.0,0.0,0.0,0,4.071987266495455,0.04000000059604645,,,,,0.5822000122070312,0.592599983215332,0.599900016784668,0.6054999923706055,359.21168235079324,0.9999999993591282,17.88437843322754,17.887035369873047,17.88922882080078,0.5263000106811524,2,2,0.0,0.0,0.0,0.0,0.0,0.0,0.0,0.0,0.0,-86
2013-08-15,True,100.0,100.0,100.0,100.0,0.096673078988741,0.3466559903131622,0.12108547267276652,99.43558545802533,99.5566709306981,0.0,99.88086751882196,0.0,100.0,0.096673078988741,0.11913248117804447,99,3.86692315954964,0.04000000059604645,0.030000001192092896,0.04000000059604645,0.04000000059604645,0.05,0.37540000915527344,0.39349998474121095,0.4059000015258789,0.4154999923706055,359.2014263312672,0.999999998318461,17.571596145629883,17.574220657348633,17.576414108276367,0.6363000106811524,0,2,0.0,0.0,0.0,0.0,0.0,0.0,0.0,0.0,0.0,-85
2013-08-16,True,100.0,100.0,100.0,100.0,3.143339810755124,3.224388957786089,1.108322673254758,92.52394855820403,93.63227123145879,0.0,58.75770211020731,0.0,100.0,3.143339810755124,5.61875653031531,3219,3.4548419541632893,0.030000001192092896,0.030000001192092896,0.030000001192092896,0.04000000059604645,0.05,0.03210000038146973,0.05809999942779541,0.07659999847412109,0.09109999656677246,359.28049694947055,0.9999771573258628,17.25841999053955,17.26106834411621,17.263198852539062,0.7419999694824219,0,1,0.0,0.0,0.0,0.0,0.0,0.0,0.0,0.0,0.0,-84
2013-08-17,True,100.0,100.0,100.0,100.0,0.0,0.0,0.0,100.0,100.0,0.0,99.87500854433779,0.0,100.0,0.0,0.0,0,4.0173035046432375,0.25999999046325684,,,,,0.296299991607666,0.31079999923706053,0.33049999237060546,0.34599998474121096,0.9808460221421456,0.9999999971024793,16.944856643676758,16.947513580322266,16.949644088745117,0.8429000091552734,1,2,0.0,0.0,0.0,0.0,0.0,0.0,0.0,0.0,0.0,-83
2013-08-18,True,100.0,100.0,100.0,100.0,0.0,0.0,0.0,100.0,100.0,0.0,99.9521517083793,0.0,100.0,0.0,0.0,0,3.904029997949359,0.9100000381469727,,,,,0.5395000076293945,0.5477000045776367,0.5586000061035157,0.5672000122070313,0.9725107024088402,0.9999999991930338,16.630901336669922,16.63361930847168,16.63578224182129,0.9191000366210937,1,2,0.0,0.0,0.0,0.0,0.0,0.0,0.0,0.0,0.0,-82
2013-08-19,True,100.0,100.0,100.0,100.0,0.0,0.0,0.0,100.0,100.0,0.0,97.3497905416622,0.0,100.0,0.0,0.0,0,4.428408214282227,0.9500000000000001,,,,,0.6297999954223633,0.6386000061035156,0.6448000335693359,0.6495999908447265,359.21987664529337,0.9999988015788478,17.990354537963867,17.993011474609375,17.995235443115234,0.9711000061035157,2,2,0.0,0.0,0.0,0.0,0.0,0.0,0.0,0.0,0.0,-81
2013-08-20,True,100.0,100.0,100.0,100.0,0.0,0.0,0.0,100.0,100.0,0.0,99.964846153095,0.0,100.0,0.0,0.0,0,4.054410343042956,1.2600000381469727,,,,,0.4584000015258789,0.4734000015258789,0.4836000061035156,0.4916999816894531,359.20478499917346,0.9999999989320119,17.677759170532227,17.680383682250977,17.68257713317871,0.9962999725341797,2,1,0.0,0.0,0.0,0.0,0.0,0.0,0.0,0.0,0.0,-80
2013-08-21,True,100.0,100.0,100.0,100.0,0.9970021580556018,1.362211567568623,0.5165662503539797,97.1242200240218,97.64078627437578,0.0,85.70996123311883,0.0,100.0,0.9970021580556018,2.234222269962014,1021,3.506596228773424,0.9399999618530274,1.0800000190734864,1.6200000762939455,2.1100000381469726,2.879999923706055,0.16110000610351563,0.18579999923706056,0.2025,0.21610000610351562,359.1957224957302,0.9999999900185267,17.36469841003418,17.367324829101562,17.36948585510254,0.9929000091552734,0,1,0.0,0.0,0.0,0.0,0.0,0.0,0.0,0.0,0.0,-79
2013-08-22,True,100.0,100.0,100.0,100.0,0.0,0.0,0.0,100.0,100.0,0.0,99.37992520042576,0.0,100.0,0.0,0.0,0,3.6716240100774358,1.2100000381469727,,,,,0.18170000076293946,0.19829999923706054,0.22149999618530275,0.23959999084472658,0.9834132064953565,0.9999999921646945,17.051237106323242,17.053861618041992,17.0560245513916,0.9626999664306641,0,1,0.0,0.0,0.0,0.0,0.0,0.0,0.0,0.0,0.0,-78
2013-08-23,True,100.0,100.0,100.0,100.0,0.0,0.0,0.0,100.0,100.0,0.0,92.47121778784654,0.0,100.0,0.0,0.0,0,4.092493677190036,1.3699999809265138,,,,,0.47299999237060547,0.48270000457763673,0.4961000061035156,0.5065999984741211,0.9753385246963262,0.9999999989545945,16.737401962280273,16.740089416503906,16.74222183227539,0.9048000335693359,1,2,0.0,0.0,0.0,0.0,0.0,0.0,0.0,0.0,0.0,-77
2013-08-24,True,100.0,100.0,100.0,100.0,0.0,0.0,0.0,100.0,100.0,0.0,98.95124356733427,0.0,100.0,0.0,0.0,0,4.522151806028885,0.65,,,,,0.6404000091552734,0.6461000061035156,0.653499984741211,0.6587000274658203,0.8554601278756877,0.9999721571457753,16.42369270324707,16.42653465270996,16.429004669189453,0.8323000335693359,1,3,0.0,0.0,0.0,0.0,0.0,0.0,0.0,0.0,0.0,-76
2013-08-25,True,100.0,100.0,100.0,100.0,0.0,0.0,0.0,100.0,100.0,0.0,96.94356831076001,0.0,100.0,0.0,0.0,0,3.90500649369672,0.65,,,,,0.5268000030517578,0.5391999816894532,0.5477999877929688,0.5543999862670899,359.20823726712723,0.9999999992167992,17.783790588378906,17.78641700744629,17.788610458374023,0.7490000152587891,2,2,0.0,0.0,0.0,0.0,0.0,0.0,0.0,0.0,0.0,-75
2013-08-26,True,100.0,100.0,100.0,100.0,0.5732030037009189,1.4618141337994475,0.46188248850176256,97.50310037399788,97.96498286249964,0.0,96.59691232044685,0.0,100.0,0.5732030037009189,0.8446688214672825,587,3.846416748855059,0.12999999523162842,0.08999999761581422,0.1,0.12000000476837158,0.3400000095367432,0.2777000045776367,0.29899999618530276,0.3139999961853027,0.3253399963378915,359.19843281443514,0.9999999966956272,17.470823287963867,17.47345733642578,17.475610733032227,0.6563999938964844,0,2,0.0,0.0,0.0,0.0,0.0,0.0,0.0,0.0,0.0,-74
2013-08-27,True,100.0,100.0,100.0,100.0,41.10949446815159,5.373656097727694,1.0536389114025408,52.46321052271817,53.516849434120715,0.0,34.1675862001621,0.0,100.0,41.10949446815159,46.483150565879285,42099,3.6149872567304966,0.06000000238418579,0.05,0.06000000238418579,0.06999999880790711,0.1,0.053600001335144046,0.07179999828338623,0.09739999771118164,0.11789999961853027,0.9722651907413251,0.9999966670256023,17.15748405456543,17.160110473632812,17.16227149963379,0.5604000091552734,0,1,0.0,0.0,0.0,0.0,0.0,0.0,0.0,0.0,0.0,-73
2013-08-28,True,100.0,100.0,100.0,100.0,97.19355122208442,1.108322673254758,0.20018162820900914,1.497944476451805,1.6981261046608143,0.0,1.1747243840753074,0.0,100.0,97.19355122208442,98.05286747976213,99533,3.8561817063286687,0.05,0.04000000059604645,0.05,0.06000000238418579,0.0800000011920929,0.3920999908447266,0.40419998168945315,0.4204999923706055,0.4331999969482422,0.9781630358233997,0.999999998449446,16.8437442779541,16.84640121459961,16.84856414794922,0.4577000045776367,1,2,0.0,0.0,0.0,0.0,0.0,0.0,0.0,0.0,0.0,-72
2013-08-29,True,100.0,100.0,100.0,100.0,0.17479273877762264,0.5605085589852257,0.20408761119845323,99.0606110910387,99.26469870223715,0.0,82.7121192887205,0.0,100.0,0.17479273877762264,0.22850000488247874,179,4.213579149862802,0.04000000059604645,0.020000000298023225,0.04000000059604645,0.05,0.09099999785423274,0.5938000106811524,0.6006999969482422,0.6097500038146972,0.6170999908447266,0.96978673547585,0.9999999993186385,16.529695510864258,16.53238296508789,16.534576416015625,0.36509998321533205,1,2,0.0,0.0,0.0,0.0,0.0,0.0,0.0,0.0,0.0,-71
2013-08-30,True,100.0,100.0,100.0,100.0,29.074184381927015,5.758395422187936,1.2440555821379398,63.923364613747104,65.16742019588506,0.0,53.371351567763924,0.0,100.0,29.074184381927015,30.059468591014287,29774,4.154989405021141,0.04000000059604645,0.020000000298023225,0.030000001192092896,0.04000000059604645,0.06999999880790711,0.5833000183105469,0.5936000061035156,0.600900001525879,0.606500015258789,359.21177589797054,0.9999999993702955,17.889671325683594,17.892297744750977,17.894521713256836,0.27850000381469725,2,2,0.0,0.0,0.0,0.0,0.0,0.0,0.0,0.0,0.0,-70
2013-08-31,True,100.0,100.0,100.0,100.0,89.24585233431308,1.1815598543068346,0.31638462214497054,9.25620318923511,9.572587811380082,0.0,10.040329274366009,0.0,100.0,89.24585233431308,89.75558311443554,91394,3.9391838448543557,0.04000000059604645,0.030000001192092896,0.04000000059604645,0.04000000059604645,0.06000000238418579,0.377400016784668,0.39529998779296877,0.407400016784668,0.4172999954223633,359.2015391496297,0.9999999983188756,17.576826095581055,17.579450607299805,17.58164405822754,0.19920000076293945,0,2,0.0,0.0,0.0,0.0,0.0,0.0,0.0,0.0,0.0,-69
2013-09-01,True,100.0,100.0,100.0,100.0,96.73362172507738,2.0086517523216187,0.3134551349028875,0.9442713876981066,1.2577265226009942,0.0,0.0,0.0,100.0,96.73362172507738,98.742273477399,99062,3.0134658763561086,0.020000000298023225,0.020000000298023225,0.020000000298023225,0.030000001192092896,0.04000000059604645,0.034500000476837156,0.06039999961853027,0.07889999866485596,0.09350000381469727,359.26762127175425,0.9999802633691329,17.26361083984375,17.266237258911133,17.268400192260742,0.13020000457763672,0,1,0.0,0.0,0.0,0.0,0.0,0.0,0.0,0.0,0.0,-68
2013-09-02,True,100.0,100.0,100.0,100.0,84.046988975363,3.527102639468005,0.7909615553624264,11.634946829806555,12.425908385168983,0.0,7.561983067563741,0.0,100.0,84.046988975363,87.0838907496558,86070,3.826886833907838,0.030000001192092896,0.030000001192092896,0.030000001192092896,0.030000001192092896,0.05,0.2944000053405762,0.3089999961853027,0.32869998931884764,0.34430000305175784,0.9809194751875339,0.9999999970574984,16.949995040893555,16.952651977539062,16.954784393310547,0.07039999961853027,0,1,0.0,0.0,0.0,0.0,0.0,0.0,0.0,0.0,0.0,-67
2013-09-03,True,100.0,100.0,100.0,100.0,74.54568535354028,1.6776196939662327,0.4101282138916285,23.366566738601854,23.776694952493482,0.0,24.773697110549083,0.0,100.0,74.54568535354028,74.96069604616872,76340,3.9333248703701895,0.030000001192092896,0.020000000298023225,0.030000001192092896,0.04000000059604645,0.06000000238418579,0.5386000061035157,0.5466999816894531,0.557599983215332,0.5663999938964844,0.9725726746387977,0.9999999991881131,16.63600730895996,16.638694763183594,16.640857696533203,0.029900000095367432,1,2,0.0,0.0,0.0,0.0,0.0,0.0,0.0,0.0,0.0,-66
2013-09-04,True,100.0,100.0,100.0,100.0,33.23698575292705,2.390461589539777,0.771431640415206,63.60112101711797,64.37255265753318,0.0,56.26470846719462,0.0,100.0,33.23698575292705,33.9146738015956,34037,4.40301932485084,0.05,0.030000001192092896,0.04000000059604645,0.06000000238418579,0.0800000011920929,0.6304999923706055,0.6393000030517578,0.6455000305175781,0.6504000091552734,359.22130065094,0.9999984483202139,17.99539566040039,17.99803352355957,18.000244140625,0.006600000262260437,2,2,0.0,0.0,0.0,0.0,0.0,0.0,0.0,0.0,0.0,-65
2013-09-05,True,100.0,100.0,100.0,100.0,81.56180729832921,2.1355961994785515,0.7870555723729824,15.515540929819249,16.30259650219223,0.0,17.25663284736395,0.0,100.0,81.56180729832921,82.54123253293231,83525,4.059292821779762,0.030000001192092896,0.020000000298023225,0.030000001192092896,0.030000001192092896,0.05,0.4597999954223633,0.4747000122070313,0.485,0.4929999923706055,359.20483120592235,0.9999999989478908,17.6827335357666,17.685359954833984,17.687551498413086,0.002199999988079071,2,2,0.0,0.0,0.0,0.0,0.0,0.0,0.0,0.0,0.0,-64
2013-09-06,True,100.0,100.0,100.0,100.0,7.549288622848048,7.988711709160507,2.0447820949739763,82.41721757301747,84.46199966799145,0.0,36.97305848233031,0.0,100.0,7.549288622848048,14.961867841065551,7731,3.7604851230872893,0.030000001192092896,0.020000000298023225,0.020000000298023225,0.030000001192092896,0.04000000059604645,0.1631999969482422,0.18739999771118165,0.20459999084472658,0.21770000457763672,359.195688440507,0.9999999900594858,17.369609832763672,17.372234344482422,17.37439727783203,0.01769999980926514,0,1,0.0,0.0,0.0,0.0,0.0,0.0,0.0,0.0,0.0,-63
2013-09-07,True,100.0,100.0,100.0,100.0,5.980059956838888,7.219233060240023,1.6512543087874851,85.14945267413361,86.8007069829211,0.0,79.5931918716494,0.0,100.0,5.980059956838888,7.60885486343707,6124,3.572021443846612,0.020000000298023225,0.020000000298023225,0.020000000298023225,0.020000000298023225,0.030000001192092896,0.17969999313354493,0.19670000076293945,0.21989999771118166,0.23809999465942383,0.983522845521577,0.999999991874534,17.056114196777344,17.05877113342285,17.060901641845703,0.053600001335144046,0,1,0.0,0.0,0.0,0.0,0.0,0.0,0.0,0.0,0.0,-62
2013-09-08,True,100.0,100.0,100.0,100.0,6.517132617887449,4.237015047799467,1.250891052369467,87.99496128194362,89.24585233431308,0.0,70.08017030085834,0.0,100.0,6.517132617887449,7.252433915650297,6674,4.058316326032401,0.030000001192092896,0.020000000298023225,0.020000000298023225,0.030000001192092896,0.05,0.47200000762939454,0.48169998168945316,0.49520000457763674,0.5056999969482422,0.9754298533206338,0.9999999989739398,16.742250442504883,16.744905471801758,16.747068405151367,0.1140999984741211,1,2,0.0,0.0,0.0,0.0,0.0,0.0,0.0,0.0,0.0,-61
2013-09-09,True,100.0,100.0,100.0,100.0,32.29662034821838,9.171248059214703,2.234222269962014,56.2979093226049,58.53213159256691,0.0,49.7094925151601,0.0,100.0,32.29662034821838,35.29934477135352,33074,4.4879744548712495,0.05,0.030000001192092896,0.05,0.06000000238418579,0.08999999761581422,0.6397999954223633,0.6455000305175781,0.6530999755859375,0.6583000183105469,0.8692661569227198,0.9999753827466966,16.428417205810547,16.431259155273438,16.43366813659668,0.18950000762939453,1,3,0.0,0.0,0.0,0.0,0.0,0.0,0.0,0.0,0.0,-60
2013-09-10,True,100.0,100.0,100.0,100.0,8.188893337369516,3.140410323513041,0.8319743767515893,87.83872196236585,88.67069633911744,0.0,86.29585868153544,0.0,100.0,8.188893337369516,8.896852754206256,8386,4.047574872811429,0.04000000059604645,0.030000001192092896,0.030000001192092896,0.04000000059604645,0.05,0.5275999832153321,0.54,0.5486000061035157,0.5552000045776367,359.2082774567239,0.9999999992092439,17.788516998291016,17.791141510009766,17.7933349609375,0.28110000610351565,2,2,0.0,0.0,0.0,0.0,0.0,0.0,0.0,0.0,0.0,-59
2013-09-11,True,100.0,100.0,100.0,100.0,36.304158895388014,9.01696173113166,2.027205171521478,52.651674201958855,54.67887937348033,0.0,51.43203101350493,0.0,100.0,36.304158895388014,38.74930424678,37178,3.8962180319704705,0.030000001192092896,0.020000000298023225,0.020000000298023225,0.030000001192092896,0.04000000059604645,0.2790999984741211,0.3003000068664551,0.3152500057220459,0.3265999984741211,359.19843928932784,0.9999999966838505,17.47551727294922,17.4781436920166,17.48030662536621,0.3836999893188477,0,2,0.0,0.0,0.0,0.0,0.0,0.0,0.0,0.0,0.0,-58
2013-09-12,True,100.0,100.0,100.0,100.0,17.961662776958605,3.196070581112619,0.8036560000781197,78.03861064185065,78.84226664192877,0.0,70.79398869217924,0.0,100.0,17.961662776958605,20.597224799086,18394,3.26344878768053,0.030000001192092896,0.020000000298023225,0.030000001192092896,0.030000001192092896,0.04000000059604645,0.052100000381469724,0.07010000228881837,0.09609999656677247,0.11619999885559082,0.9700633000870198,0.9999961423608633,17.16214942932129,17.16477394104004,17.16693687438965,0.4936999893188477,0,1,0.0,0.0,0.0,0.0,0.0,0.0,0.0,0.0,0.0,-57
2013-09-13,True,100.0,100.0,100.0,100.0,84.93364711396681,4.7262394172273385,1.1776538713173905,9.162459597488452,10.340113468805843,0.0,10.066694659544757,0.0,100.0,84.93364711396681,87.61998691495698,86978,3.7712265763082597,0.04000000059604645,0.030000001192092896,0.04000000059604645,0.04000000059604645,0.06000000238418579,0.39099998474121095,0.40299999237060546,0.41939998626708985,0.43209999084472656,0.978211083408894,0.9999999984399917,16.848379135131836,16.851036071777344,16.85319709777832,0.6136000061035156,1,2,0.0,0.0,0.0,0.0,0.0,0.0,0.0,0.0,0.0,-56
2013-09-14,True,100.0,100.0,100.0,100.0,3.143339810755124,1.3817414825158436,0.5009423183962034,94.97397638833283,95.47491870672903,0.0,91.08068784360445,0.0,100.0,3.143339810755124,3.4948782798050915,3219,4.162801371000029,0.1600000023841858,0.0800000011920929,0.1,0.12000000476837158,0.15000000000000002,0.5933000183105469,0.6000999832153321,0.6091999816894531,0.6165000152587891,0.9698338747583648,0.9999999993156756,16.534269332885742,16.536956787109375,16.539119720458984,0.7212000274658203,1,2,0.0,0.0,0.0,0.0,0.0,0.0,0.0,0.0,0.0,-55
2013-09-15,True,100.0,100.0,100.0,100.0,0.0,0.0,0.0,100.0,100.0,0.0,98.15735252472976,0.0,100.0,0.0,0.0,0,4.112023592137256,0.08999999761581422,,,,,0.5838000106811524,0.5941999816894531,0.6013000106811524,0.6070999908447265,359.2118216311899,0.999999999366844,17.894187927246094,17.896814346313477,17.899005889892578,0.817300033569336,2,2,0.0,0.0,0.0,0.0,0.0,0.0,0.0,0.0,0.0,-54
2013-09-16,True,100.0,100.0,100.0,100.0,16.291855048971264,3.6589295653617433,0.8759166853828352,79.17329870028415,80.049215385667,0.0,80.95442694347066,0.0,100.0,16.291855048971264,17.403107209468104,16684,3.821027859423672,0.30000000000000004,0.13999999761581422,0.1700000047683716,0.2,0.4,0.3781999969482422,0.39610000610351564,0.40849998474121096,0.4179999923706055,359.2015527226993,0.9999999983417988,17.581315994262695,17.583942413330078,17.586105346679688,0.8975,0,2,0.0,0.0,0.0,0.0,0.0,0.0,0.0,0.0,0.0,-53
2013-09-17,True,100.0,100.0,100.0,100.0,0.018553419199859384,0.03905982989444081,0.014647436210415303,99.92773931469529,99.9423867509057,0.0,93.54829259718574,0.0,100.0,0.018553419199859384,0.04296581288388489,19,3.1316218617867917,0.6199999809265138,0.42500000000000004,0.5,0.5750000000000001,0.6800000190734864,0.03559999942779541,0.06159999847412109,0.08010000228881836,0.09460000038146973,359.2614031237734,0.9999826601491884,17.26803970336914,17.270666122436523,17.2728271484375,0.9562999725341798,0,1,0.0,0.0,0.0,0.0,0.0,0.0,0.0,0.0,0.0,-52
2013-09-18,True,100.0,100.0,100.0,100.0,0.0,0.0,0.0,100.0,100.0,0.0,99.85254914214849,0.0,100.0,0.0,0.0,0,3.805403927465896,1.75,,,,,0.29350000381469726,0.30809999465942384,0.32779998779296876,0.34349998474121096,0.9810013210899342,0.9999999970921069,16.954391479492188,16.957048416137695,16.959178924560547,0.9918000030517579,0,1,0.0,0.0,0.0,0.0,0.0,0.0,0.0,0.0,0.0,-51
2013-09-19,True,100.0,100.0,100.0,100.0,0.0039059829894440815,0.05663675334693917,0.07811965978888162,99.86133760387473,99.93945726366361,0.0,97.93764098157352,0.0,100.0,0.0039059829894440815,0.02636538517874755,4,3.948948802327966,2.0700000762939452,2.0299999713897705,2.125,2.1650000095367434,2.1769999408721925,0.5381000137329102,0.5461999893188477,0.5570999908447266,0.5659999847412109,0.9726420771683024,0.999999999212328,16.640378952026367,16.64306640625,16.64522933959961,0.9980999755859375,1,2,0.0,0.0,0.0,0.0,0.0,0.0,0.0,0.0,0.0,-50
2013-09-20,True,100.0,100.0,100.0,100.0,0.0,0.0,0.0,100.0,100.0,0.0,100.0,0.0,100.0,0.0,0.0,0,4.57488257638638,1.6200000762939455,,,,,0.6309000015258789,0.6395999908447266,0.6456999969482422,0.6506999969482422,359.2220415184441,0.9999982611401103,17.999698638916016,18.00234031677246,18.00456428527832,0.9794999694824219,2,2,0.0,0.0,0.0,0.0,0.0,0.0,0.0,0.0,0.0,-49
2013-09-21,True,100.0,100.0,100.0,100.0,0.5644145419746697,4.7565107853955295,1.8026111496284434,92.87646352300136,94.67907467262981,0.0,97.64859824035467,0.0,100.0,0.5644145419746697,1.1522649818860038,578,4.089564189947953,0.5400000095367432,0.3200000047683716,0.3799999952316284,0.5099999904632568,1.0600000381469727,0.460099983215332,0.47509998321533203,0.48529998779296873,0.49340000152587893,359.20490337194855,0.9999999989419815,17.687000274658203,17.689626693725586,17.69182014465332,0.9395999908447266,2,2,0.0,0.0,0.0,0.0,0.0,0.0,0.0,0.0,0.0,-48
2013-09-22,True,100.0,100.0,100.0,100.0,11.047096389895222,2.2889060318142316,0.7411602722470143,85.92283730604353,86.66399757829055,0.0,79.93789487046784,0.0,100.0,11.047096389895222,12.090970343824152,11313,3.606198795004248,0.7199999809265137,0.25999999046325684,0.27999999523162844,0.3200000047683716,0.5099999904632568,0.163799991607666,0.18799999237060547,0.20510000228881836,0.21879999160766603,359.19573659225046,0.9999999902927164,17.37385368347168,17.376480102539062,17.378643035888672,0.8805999755859375,0,1,0.0,0.0,0.0,0.0,0.0,0.0,0.0,0.0,0.0,-47
2013-09-23,True,100.0,100.0,100.0,100.0,0.6181218080795258,0.3925512904391301,0.14940384934623607,98.8399230521351,98.98932690148135,0.0,93.34029900299784,0.0,100.0,0.6181218080795258,0.7870555723729824,633,3.6306111886882735,0.6400000095367432,0.22999999523162842,0.25,0.29000000953674315,0.5300000190734864,0.17909999847412109,0.1956999969482422,0.2193000030517578,0.23709999084472658,0.983564434655193,0.9999999918325931,17.060306549072266,17.062963485717773,17.065093994140625,0.8073999786376953,0,1,0.0,0.0,0.0,0.0,0.0,0.0,0.0,0.0,0.0,-46
2013-09-24,True,100.0,100.0,100.0,100.0,0.0,0.0,0.0,100.0,100.0,0.0,100.0,0.0,100.0,0.0,0.0,0,4.143271456052809,0.35999999046325687,,,,,0.4713999938964844,0.4813999938964844,0.49459999084472656,0.5052399978637704,0.9754613746215455,0.9999999989707995,16.746387481689453,16.74904441833496,16.751237869262695,0.7175,1,2,0.0,0.0,0.0,0.0,0.0,0.0,0.0,0.0,0.0,-45
2013-09-25,True,100.0,100.0,100.0,100.0,0.0,0.0,0.0,100.0,100.0,0.0,98.79207476051441,0.0,100.0,0.0,0.0,0,4.512386848555275,0.24000000953674316,,,,,0.6395000076293945,0.6451999664306641,0.6527999877929688,0.6581999969482422,0.8731827627980806,0.999976306139719,16.432531356811523,16.43534278869629,16.437711715698242,0.6272000122070313,1,3,0.0,0.0,0.0,0.0,0.0,0.0,0.0,0.0,0.0,-44
2013-09-26,True,100.0,100.0,100.0,100.0,3.2175534875545613,3.048619723261105,0.721630357299794,93.01219643188455,93.73382678918433,0.0,83.38297186715752,0.0,100.0,3.2175534875545613,3.7800150380345094,3295,3.9909381194644897,0.2,0.06999999880790711,0.0800000011920929,0.1,0.13999999761581422,0.5279000091552735,0.5402000045776367,0.5486000061035157,0.5554000091552734,359.2083279670162,0.9999999992200166,17.79257583618164,17.795202255249023,17.797395706176758,0.5345000076293945,2,2,0.0,0.0,0.0,0.0,0.0,0.0,0.0,0.0,0.0,-43
2013-09-27,True,100.0,100.0,100.0,100.0,28.7714707002451,3.9772671790014353,0.8983760875721386,66.35288603318132,67.25126212075347,0.0,59.34067007138184,0.0,100.0,28.7714707002451,30.84457117189255,29464,3.8405577743708923,0.06999999880790711,0.04000000059604645,0.05,0.06000000238418579,0.1,0.27950000762939453,0.3007999992370606,0.31540000915527344,0.3270000076293945,359.19848339585985,0.9999999967777855,17.479522705078125,17.482149124145508,17.484310150146484,0.4404999923706055,0,2,0.0,0.0,0.0,0.0,0.0,0.0,0.0,0.0,0.0,-42
2013-09-28,True,100.0,100.0,100.0,100.0,0.0,0.0,0.0,100.0,100.0,0.0,85.39552960246859,0.0,100.0,0.0,0.0,0,3.664788539845909,0.04000000059604645,,,,,0.05150000095367432,0.07,0.09560000419616699,0.11569999694824219,0.9701589384750946,0.9999960240033225,17.16609764099121,17.168724060058594,17.170886993408203,0.34880001068115235,0,1,0.0,0.0,0.0,0.0,0.0,0.0,0.0,0.0,0.0,-41
2013-09-29,True,100.0,100.0,100.0,100.0,6.15485269561651,2.3699551788451965,0.8407628384778385,90.63442928706046,91.4751921255383,0.0,84.20420479068814,0.0,100.0,6.15485269561651,7.080570664114758,6303,3.8239573466657553,0.030000001192092896,0.020000000298023225,0.020000000298023225,0.030000001192092896,0.04000000059604645,0.3906999969482422,0.4027000045776367,0.4190999984741211,0.43209999084472656,0.9782405482018248,0.9999999984084297,16.852272033691406,16.85495948791504,16.85708999633789,0.256200008392334,0,1,0.0,0.0,0.0,0.0,0.0,0.0,0.0,0.0,0.0,-40
2013-09-30,True,100.0,100.0,100.0,100.0,0.0,0.010741453220971222,0.014647436210415303,99.97461111056862,99.98925854677903,0.0,76.88243967697521,0.0,100.0,0.0,0.0,0,4.035856923843097,0.05,,,,,0.5931000137329102,0.599900016784668,0.6090000152587891,0.6163999938964844,0.9698470768583434,0.9999999993142411,16.538135528564453,16.54084014892578,16.542985916137695,0.17790000915527343,1,2,0.0,0.0,0.0,0.0,0.0,0.0,0.0,0.0,0.0,-39
2013-10-01,True,100.0,100.0,100.0,100.0,0.0,0.0,0.0,100.0,100.0,0.0,92.5620318923511,0.0,100.0,0.0,0.0,0,4.060269317527123,0.05,,,,,0.5838000106811524,0.5940999984741211,0.6013000106811524,0.6070000076293945,359.2118669619527,0.9999999993736528,17.89799690246582,17.90062141418457,17.90284538269043,0.11020000457763672,2,2,0.0,0.0,0.0,0.0,0.0,0.0,0.0,0.0,0.0,-38
2013-10-02,True,100.0,100.0,100.0,100.0,24.465124454382998,1.6287949065981817,0.5653910377220307,73.34068960129679,73.90608063901881,0.0,71.96871307625456,0.0,100.0,24.465124454382998,25.012938568652533,25054,3.7233782846875703,0.04000000059604645,0.030000001192092896,0.04000000059604645,0.04000000059604645,0.05,0.3781999969482422,0.39610000610351564,0.4081999969482422,0.41810001373291017,359.20158586322106,0.9999999983444094,17.585065841674805,17.587692260742188,17.589885711669922,0.05590000152587891,0,2,0.0,0.0,0.0,0.0,0.0,0.0,0.0,0.0,0.0,-37
2013-10-03,True,100.0,100.0,100.0,100.0,0.0,0.0,0.0,100.0,100.0,0.0,99.96386965734764,0.0,100.0,0.0,0.0,0,3.322038532522191,0.05,,,,,0.03559999942779541,0.06159999847412109,0.08010000228881836,0.09460000038146973,359.26161629546596,0.9999826485443334,17.271766662597656,17.274391174316406,17.276554107666016,0.018799999952316286,0,1,0.0,0.0,0.0,0.0,0.0,0.0,0.0,0.0,0.0,-36
2013-10-04,True,100.0,100.0,100.0,100.0,0.22166453465095162,0.4403995820598201,0.21971154315622954,99.118224340133,99.33793588328923,0.0,95.44464733856084,0.0,100.0,0.22166453465095162,0.5829679611745291,227,3.8815705957600555,0.030000001192092896,0.020000000298023225,0.020000000298023225,0.030000001192092896,0.030000001192092896,0.29350000381469726,0.30809999465942384,0.32779998779296876,0.34310001373291016,0.9810459205954771,0.999999997091824,16.958065032958984,16.96072006225586,16.962852478027344,0.0014000000059604645,0,1,0.0,0.0,0.0,0.0,0.0,0.0,0.0,0.0,0.0,-35
2013-10-05,True,100.0,100.0,100.0,100.0,0.0,0.10936752370443426,0.1835812005038718,99.70705127579168,99.89063247629556,0.0,97.64176277012314,0.0,100.0,0.0,0.0,0,3.845440253107698,0.04000000059604645,,,,,0.5379000091552735,0.5461999893188477,0.5570999908447266,0.5658000183105469,0.9726682121727208,0.9999999992031111,16.643991470336914,16.646678924560547,16.648847579956055,0.006899999976158143,1,2,0.0,0.0,0.0,0.0,0.0,0.0,0.0,0.0,0.0,-34
2013-10-06,True,100.0,100.0,100.0,100.0,31.932387434452725,4.122765045358228,1.5174743913990254,62.42737312879002,63.94484752018905,0.0,53.927954143759706,0.0,100.0,31.932387434452725,35.02983194508188,32701,4.472350522913473,0.04000000059604645,0.030000001192092896,0.04000000059604645,0.05,0.0800000011920929,0.6306999969482422,0.6393999862670898,0.6455999755859375,0.6505999755859375,359.22188768272605,0.9999983122007756,18.003265380859375,18.005903244018555,18.008115768432617,0.03579999923706055,2,3,0.0,0.0,0.0,0.0,0.0,0.0,0.0,0.0,0.0,-33
2013-10-07,True,100.0,100.0,100.0,100.0,62.352182956243226,3.61791674397258,1.0497329284130967,32.9801673713711,34.029900299784195,0.0,35.87157127930708,0.0,100.0,62.352182956243226,63.44585819328756,63853,4.167683849736834,0.05,0.04000000059604645,0.04000000059604645,0.05,0.06999999880790711,0.4597999954223633,0.4747999954223633,0.485,0.4931000137329102,359.20488316723964,0.9999999989424576,17.690523147583008,17.69314956665039,17.6953125,0.08760000228881835,2,2,0.0,0.0,0.0,0.0,0.0,0.0,0.0,0.0,0.0,-32
2013-10-08,True,100.0,100.0,100.0,100.0,0.5087542843750915,0.34470299881844013,0.09764957473610203,99.04889314207037,99.14654271680647,0.0,97.60172644448133,0.0,100.0,0.5087542843750915,0.6806175359106311,521,3.668694522835353,0.04000000059604645,0.030000001192092896,0.030000001192092896,0.04000000059604645,0.04000000059604645,0.16329999923706054,0.18799999237060547,0.20459999084472658,0.21829999923706056,359.1959022849489,0.9999999901422852,17.377315521240234,17.37993812561035,17.382104873657227,0.15979999542236328,0,1,0.0,0.0,0.0,0.0,0.0,0.0,0.0,0.0,0.0,-31
2013-10-09,True,100.0,100.0,100.0,100.0,0.009764957473610203,0.029294872420830606,0.0029294872420830608,99.95801068286347,99.96094017010556,0.0,95.93680119523079,0.0,100.0,0.009764957473610203,0.022459402189303465,10,3.5798334098255005,0.04000000059604645,0.030000001192092896,0.030000001192092896,0.030000001192092896,0.030000001192092896,0.1793000030517578,0.19620000839233398,0.2194000053405762,0.23760000228881836,0.9835411294520213,0.9999999919947454,17.06370735168457,17.066362380981445,17.06849479675293,0.2494000053405762,0,1,0.0,0.0,0.0,0.0,0.0,0.0,0.0,0.0,0.0,-30
2013-10-10,True,100.0,100.0,100.0,100.0,0.05077777886277306,0.013670940463054282,0.020506410694581423,99.9150448699796,99.93555128067418,0.0,99.93262179343209,0.0,100.0,0.05077777886277306,0.05077777886277306,52,4.238968039294189,0.04000000059604645,0.04000000059604645,0.04000000059604645,0.05,0.06000000238418579,0.47169998168945315,0.48150001525878905,0.494900016784668,0.5054999923706055,0.9754421093346082,0.9999999989776848,16.749757766723633,16.752412796020508,16.754575729370117,0.3597999954223633,0,1,0.0,0.0,0.0,0.0,0.0,0.0,0.0,0.0,0.0,-29
2013-10-11,True,100.0,100.0,100.0,100.0,0.0,0.0,0.0,100.0,100.0,0.0,100.0,0.0,100.0,0.0,0.0,0,4.538752233734022,0.05,,,,,0.6395999908447266,0.6452999877929687,0.6529000091552735,0.6581999969482422,0.8689309934455309,0.999975293719892,16.43583869934082,16.438650131225586,16.441059112548828,0.47060001373291016,1,4,0.0,0.0,0.0,0.0,0.0,0.0,0.0,0.0,0.0,-28
2013-10-12,True,100.0,100.0,100.0,100.0,2.5310769771597643,0.9813782260978253,0.2177585516615075,96.26978624508091,96.48754479674241,0.0,85.48243772398372,0.0,100.0,2.5310769771597643,2.7537180075580774,2592,4.055386838790317,0.030000001192092896,0.020000000298023225,0.030000001192092896,0.04000000059604645,0.05450000107288179,0.527400016784668,0.5397000122070312,0.5481999969482422,0.555,359.20833109760696,0.9999999992219082,17.795793533325195,17.798419952392578,17.800643920898438,0.5822999954223633,2,2,0.0,0.0,0.0,0.0,0.0,0.0,0.0,0.0,0.0,-27
2013-10-13,True,100.0,100.0,100.0,100.0,94.19766226918081,2.214692355014794,0.385715820207603,3.2019295555967853,3.587645375804388,0.0,2.7371175798529395,0.0,100.0,94.19766226918081,95.67217084769595,96465,3.7946624742449244,0.030000001192092896,0.020000000298023225,0.030000001192092896,0.030000001192092896,0.04000000059604645,0.27860000610351565,0.2997999954223633,0.31450000762939456,0.32610000610351564,359.1984648834458,0.9999999967662889,17.482711791992188,17.485336303710938,17.487499237060547,0.6901999664306641,0,2,0.0,0.0,0.0,0.0,0.0,0.0,0.0,0.0,0.0,-26
2013-10-14,True,100.0,100.0,100.0,100.0,0.36911539250246567,0.5741794994482798,0.19529914947220406,98.86140595857705,99.05670510804926,0.0,90.47916646323006,0.0,100.0,0.36911539250246567,0.6630406124581327,378,3.445076996689679,0.0800000011920929,0.05,0.06000000238418579,0.06999999880790711,0.1100000023841858,0.05269999980926514,0.07070000171661377,0.09630000114440918,0.11680000305175782,0.9705883571730851,0.9999960949811901,17.169227600097656,17.171852111816406,17.174009323120117,0.7883999633789063,0,1,0.0,0.0,0.0,0.0,0.0,0.0,0.0,0.0,0.0,-25
2013-10-15,True,100.0,100.0,100.0,100.0,10.160438251291417,21.139179938871365,4.040739402579901,64.65964240725731,68.70038180983722,0.0,79.1820871620104,0.0,100.0,10.160438251291417,13.88674602322107,10405,3.863993672307557,0.2200000047683716,0.1600000023841858,0.17999999523162843,0.22999999523162842,0.45999999046325685,0.3913999938964844,0.4034000015258789,0.4197999954223633,0.4325,0.9782391703267308,0.9999999984508385,16.8553409576416,16.85799789428711,16.860158920288086,0.8770999908447266,0,1,0.0,0.0,0.0,0.0,0.0,0.0,0.0,0.0,0.0,-24
2013-10-16,True,100.0,100.0,100.0,100.0,59.23911451365629,3.3474274219535776,0.8886111300985284,36.5248469342916,37.413458064390134,0.0,10.3362074858164,0.0,100.0,59.23911451365629,62.14125987481325,60665,4.17256632847364,0.49000000953674316,0.2700000047683716,0.3200000047683716,0.45999999046325685,0.8,0.5934000015258789,0.6002000045776368,0.6093000030517578,0.6166999816894532,0.9698494818754853,0.9999999993063569,16.54114532470703,16.543832778930664,16.545995712280273,0.9400000000000001,1,2,0.0,0.0,0.0,0.0,0.0,0.0,0.0,0.0,0.0,-23
2013-10-17,True,100.0,100.0,100.0,100.0,91.66072631753688,3.0593611764820765,0.630816252795219,4.649096253185817,5.279912505981037,0.0,0.7206538615524329,0.0,100.0,91.66072631753688,94.5765426191569,93867,3.9606667512962983,0.5599999904632569,0.5199999809265137,0.55,0.5900000095367431,0.7699999809265137,0.5831999969482422,0.5934000015258789,0.6006999969482422,0.6063999938964844,359.2118788267388,0.9999999993652038,17.900917053222656,17.90354347229004,17.9057674407959,0.980999984741211,2,2,0.0,0.0,0.0,0.0,0.0,0.0,0.0,0.0,0.0,-22
2013-10-18,True,100.0,100.0,100.0,100.0,88.86013651410548,4.56511761891277,1.0966047242864259,5.478141142695324,6.574745866981749,0.0,0.3710683839971877,0.0,100.0,88.86013651410548,93.36568789242922,90999,3.9762906832540743,0.8600000381469727,0.8100000381469727,0.8500000000000001,0.9399999618530274,1.4800000190734863,0.37700000762939456,0.395,0.407400016784668,0.41700000762939454,359.20162027690117,0.9999999983225974,17.587963104248047,17.590587615966797,17.592750549316406,0.9988999938964844,0,2,0.0,0.0,0.0,0.0,0.0,0.0,0.0,0.0,0.0,-21
2013-10-19,True,100.0,100.0,100.0,100.0,2.6306795433905883,3.466559903131622,1.1385940414229496,92.76416651205483,93.90276055347779,0.0,55.42199263722206,0.0,100.0,2.6306795433905883,5.995683888796664,2694,3.849346236097142,0.6900000095367432,0.6599999904632569,0.7549999952316284,1.0800000190734864,1.9299999237060548,0.03430000066757202,0.0603000020980835,0.0784000015258789,0.0934000015258789,359.2690463615211,0.9999805915046583,17.27457618713379,17.27720069885254,17.27936363220215,0.9944000244140625,0,1,0.0,0.0,0.0,0.0,0.0,0.0,0.0,0.0,0.0,-20
2013-10-20,True,100.0,100.0,100.0,100.0,8.851933949827648,5.702735164588358,1.9178376478170438,83.52749323776695,85.44533088558399,0.0,82.45237141992247,0.0,100.0,8.851933949827648,11.128145536926187,9065,3.9264894001386623,1.3399999618530274,0.45,0.5300000190734864,0.8100000381469727,1.6299999237060547,0.29489999771118164,0.3089999961853027,0.32869998931884764,0.34439998626708984,0.981045495986109,0.9999999971085081,16.960786819458008,16.963443756103516,16.965604782104492,0.9666000366210937,0,1,0.0,0.0,0.0,0.0,0.0,0.0,0.0,0.0,0.0,-19
2013-10-21,True,100.0,100.0,100.0,100.0,2.1541496186784106,4.558282148681243,1.6717607194820665,91.61580751315827,93.28756823264035,0.0,96.13405333619772,0.0,100.0,2.1541496186784106,3.186305623639009,2206,4.014374017401154,0.3900000095367432,0.35000000000000003,0.3700000047683716,0.43000001907348634,0.6300000190734864,0.5386999893188477,0.5468000030517578,0.5577000045776367,0.5665000152587891,0.9726424375088527,0.9999999991919648,16.646656036376953,16.64937400817871,16.651506423950195,0.9205000305175781,1,2,0.0,0.0,0.0,0.0,0.0,0.0,0.0,0.0,0.0,-18
2013-10-22,True,100.0,100.0,100.0,99.98925854677903,2.65118595408517,3.718495805950765,1.5604402042829102,92.06987803568116,93.63031823996405,0.0,96.38794223051158,0.0,100.0,2.640444500864199,3.37867528586913,2704,4.537775737986661,0.2700000047683716,0.2,0.2200000047683716,0.25,0.43000001907348634,0.629900016784668,0.6386999893188476,0.6448999786376953,0.6498999786376953,359.22069202217807,0.9999986252491776,18.00587272644043,18.00849723815918,18.010753631591797,0.8594000244140625,2,3,0.0,0.0,0.0,0.0,0.0,0.0,0.0,0.0,0.0,-17
2013-10-23,True,100.0,100.0,100.0,100.0,13.939476793578564,6.05915611237513,2.076029958889529,77.92533713515678,80.0013670940463,0.0,66.55502065288505,0.0,100.0,13.939476793578564,16.186393508256273,14275,4.101282138916285,0.30000000000000004,0.1600000023841858,0.17999999523162843,0.20999999046325685,0.3200000047683716,0.45880001068115234,0.47349998474121097,0.48389999389648436,0.49189998626708986,359.20490006840663,0.9999999989377292,17.693038940429688,17.69566535949707,17.697856903076172,0.7868000030517578,2,2,0.0,0.0,0.0,0.0,0.0,0.0,0.0,0.0,0.0,-16
2013-10-24,True,100.0,100.0,100.0,100.0,33.485015672756745,4.463562061187224,1.5194273828937475,60.53199488316229,62.051422266056036,0.0,31.22833400060543,0.0,100.0,33.485015672756745,37.90951790404953,34291,3.5378440926889763,0.25999999046325684,0.1100000023841858,0.12000000476837158,0.15000000000000002,0.22999999523162842,0.1615999984741211,0.18579999923706056,0.2027500057220459,0.216200008392334,359.1957305077535,0.9999999898503006,17.379764556884766,17.38239860534668,17.38456153869629,0.7040000152587891,0,1,0.0,0.0,0.0,0.0,0.0,0.0,0.0,0.0,0.0,-15
2013-10-25,True,100.0,100.0,100.0,100.0,0.027341880926108564,0.08593162576776978,0.05956624058902223,99.82716025271709,99.88672649330613,0.0,93.25729686447215,0.0,100.0,0.027341880926108564,0.11327350669387834,28,3.666741531340631,0.1600000023841858,0.07750000059604645,0.14499999880790712,0.16500000059604647,0.2029999929666519,0.18139999389648437,0.19829999923706054,0.22149999618530275,0.23959999084472658,0.9834372955834283,0.999999992151446,17.06610679626465,17.068740844726562,17.07089614868164,0.6147999954223633,0,1,0.0,0.0,0.0,0.0,0.0,0.0,0.0,0.0,0.0,-14
2013-10-26,True,100.0,100.0,100.0,100.0,15.15033152030623,5.261359086781177,1.5272393488726357,78.06107004403997,79.58830939291259,0.0,35.43410118448934,0.0,100.0,15.15033152030623,19.22036579530696,15515,4.187213764684055,0.1,0.05,0.06999999880790711,0.08999999761581422,0.1600000023841858,0.4727000045776367,0.48270000457763673,0.49590000152587893,0.5063999938964844,0.9754160242531498,0.9999999989824185,16.752038955688477,16.75472640991211,16.75688934326172,0.515,0,1,0.0,0.0,0.0,0.0,0.0,0.0,0.0,0.0,0.0,-13
2013-10-27,True,100.0,100.0,100.0,99.99414102551583,27.652406573769372,2.9197222846094504,1.2792094290429366,68.14866171257825,69.42787114162118,0.0,63.16560391379495,0.0,100.0,27.646547599285203,29.085902330895347,28312,4.478209497397638,0.030000001192092896,0.010000000149011612,0.020000000298023225,0.04000000059604645,0.06999999880790711,0.6402999877929688,0.6459999847412109,0.653499984741211,0.658499984741211,0.8507205885865119,0.9999710427398057,16.438125610351562,16.440998077392578,16.443470001220703,0.42080001831054686,1,4,0.0,0.0,0.0,0.0,0.0,0.0,0.0,0.0,0.0,-12
2013-10-28,True,100.0,100.0,100.0,100.0,39.80587264542463,7.352036481881122,2.7937543331998786,50.04833653949438,52.84209087269425,0.0,33.86291952698546,0.0,100.0,39.80587264542463,44.60339625220932,40764,3.9606667512962983,0.06000000238418579,0.04000000059604645,0.05,0.06000000238418579,0.08999999761581422,0.5261000061035156,0.538400001525879,0.5468999862670899,0.5536999893188477,359.20826826195616,0.9999999992253124,17.79796028137207,17.800586700439453,17.80278778076172,0.3284000015258789,2,2,0.0,0.0,0.0,0.0,0.0,0.0,0.0,0.0,0.0,-11
2013-10-29,True,100.0,100.0,100.0,100.0,21.902799613307682,4.4557500952083355,1.0067671155292117,72.63468317595478,73.64145029148398,0.0,52.80791352153661,0.0,100.0,21.902799613307682,26.337066802074077,22430,3.801497944476452,0.020000000298023225,0.020000000298023225,0.020000000298023225,0.030000001192092896,0.04000000059604645,0.276299991607666,0.2979000091552734,0.31239999771118165,0.32404000854492276,359.1984548518042,0.9999999966387044,17.484786987304688,17.48741340637207,17.48957633972168,0.24,0,2,0.0,0.0,0.0,0.0,0.0,0.0,0.0,0.0,0.0,-10
2013-10-30,True,100.0,100.0,100.0,100.0,0.10448504496762916,0.048824787368051015,0.008788461726249183,99.83790170593807,99.84669016766432,0.0,99.61623717128711,0.0,100.0,0.10448504496762916,0.15330983233568019,107,3.4216410987530153,0.020000000298023225,0.010000000149011612,0.020000000298023225,0.020000000298023225,0.020000000298023225,0.05510000228881836,0.07360000133514405,0.0990999984741211,0.1190999984741211,0.9753737364052881,0.9999975576740633,17.171213150024414,17.173864364624023,17.176000595092773,0.16010000228881835,0,1,0.0,0.0,0.0,0.0,0.0,0.0,0.0,0.0,0.0,-9
2013-10-31,True,100.0,100.0,100.0,100.0,86.71379886140596,2.018416709795229,0.6327692442899411,10.635015184508871,11.267784428798814,0.0,11.883953245383616,0.0,100.0,86.71379886140596,87.62584588944115,88801,3.9343013661175505,0.020000000298023225,0.020000000298023225,0.020000000298023225,0.030000001192092896,0.05,0.39299999237060546,0.405,0.42130001068115236,0.43400001525878906,0.9781886132331579,0.9999999984498427,16.857267379760742,16.85992431640625,16.86208724975586,0.08800000190734864,0,1,0.0,0.0,0.0,0.0,0.0,0.0,0.0,0.0,0.0,-8
2013-11-01,True,100.0,100.0,100.0,100.0,65.66738601853389,4.573906080639019,1.312410284453211,28.446297616373883,29.75870790082709,0.0,19.185211948401964,0.0,100.0,65.66738601853389,68.30880701514545,67248,4.205767183883914,0.020000000298023225,0.010000000149011612,0.020000000298023225,0.030000001192092896,0.06000000238418579,0.5945999908447266,0.6013000106811524,0.6104000091552735,0.6177000045776367,0.9698131142540092,0.9999999993078016,16.54298210144043,16.545669555664062,16.547832489013672,0.03759999990463257,1,2,0.0,0.0,0.0,0.0,0.0,0.0,0.0,0.0,0.0,-7
2013-11-02,True,100.0,100.0,100.0,100.0,65.86952063823762,3.2956731473434435,0.7919380511097874,30.04286816330915,30.834806214418936,0.0,33.1705840421065,0.0,100.0,65.86952063823762,66.66145868934741,67455,4.074916753737537,0.04000000059604645,0.030000001192092896,0.04000000059604645,0.05,0.06999999880790711,0.5818000030517578,0.5922999954223633,0.5995000076293946,0.6052000045776368,359.21181801824355,0.9999999993701907,17.902692794799805,17.905317306518555,17.907541275024414,0.007400000095367432,2,2,0.0,0.0,0.0,0.0,0.0,0.0,0.0,0.0,0.0,-6
2013-11-03,True,100.0,100.0,100.0,100.0,0.0,0.0,0.0,100.0,100.0,0.0,80.70737351938833,0.0,100.0,0.0,0.0,0,3.767320593318816,0.030000001192092896,,,,,0.37459999084472656,0.3927000045776367,0.4052000045776367,0.414900016784668,359.2015344252325,0.9999999983166434,17.589641571044922,17.592266082763672,17.59442901611328,0.0007999999821186066,0,2,0.0,0.0,0.0,0.0,0.0,0.0,0.0,0.0,0.0,-5
2013-11-04,True,100.0,100.0,100.0,100.0,23.6409620436103,7.9838292304237015,1.4500961848311151,66.92511254113488,68.37520872596599,0.0,43.839776577773,0.0,100.0,23.6409620436103,31.55546007597137,24210,4.212602654115441,0.030000001192092896,0.020000000298023225,0.020000000298023225,0.030000001192092896,0.04000000059604645,0.030999999046325683,0.05690000057220459,0.07539999961853028,0.08989999771118164,359.2881335030584,0.999975749618707,17.27618980407715,17.2788143157959,17.280946731567383,0.01950000047683716,0,1,0.0,0.0,0.0,0.0,0.0,0.0,0.0,0.0,0.0,-4
2013-11-05,True,100.0,100.0,100.0,100.0,23.93684025506069,8.323649750505338,1.6834786684503988,66.05603132598358,67.73950999443397,0.0,64.01808470124112,0.0,100.0,23.93684025506069,28.30861171599598,24513,3.9401603406017163,0.030000001192092896,0.020000000298023225,0.020000000298023225,0.030000001192092896,0.04000000059604645,0.2972999954223633,0.31170000076293947,0.3313999938964844,0.34689998626708984,0.9809208249273524,0.999999997174115,16.96230697631836,16.96497344970703,16.967124938964844,0.0678000020980835,0,1,0.0,0.0,0.0,0.0,0.0,0.0,0.0,0.0,0.0,-3
2013-11-06,True,100.0,100.0,100.0,100.0,1.4754850742625014,1.7342564473131719,0.9598953196558828,95.83036315876844,96.79025847842433,0.0,97.38494438856719,0.0,100.0,1.4754850742625014,2.060406026931753,1511,3.921606921401857,0.030000001192092896,0.020000000298023225,0.020000000298023225,0.030000001192092896,0.05,0.5402000045776367,0.5483000183105469,0.5591999816894532,0.5679000091552735,0.972604579724134,0.999999999207741,16.648115158081055,16.650802612304688,16.652935028076172,0.13670000076293945,1,2,0.0,0.0,0.0,0.0,0.0,0.0,0.0,0.0,0.0,-2
2013-11-07,True,100.0,100.0,100.0,100.0,0.0,0.0,0.0,100.0,100.0,0.0,61.20382395734667,0.0,100.0,0.0,0.0,0,4.362006503461678,0.04000000059604645,,,,,0.6286499977111817,0.6375000000000001,0.6437000274658203,0.6486000061035156,359.2177101665353,0.999999397784381,18.007240295410156,18.00986671447754,18.012121200561523,0.22469999313354494,2,3,0.0,0.0,0.0,0.0,0.0,0.0,0.0,0.0,0.0,-1
